Brand,Model,Variant
ALFA ROMEO,146,TI T.SPARK
ALFA ROMEO,147,NO_VARIANT
ALFA ROMEO,GIULIA,QUADRIFOGLIO
ALFA ROMEO,GIULIETTA,MULTIAIR
ALFA ROMEO,STELVIO,Q4 SPECIALE
ALPINE,A110,S
ASTON MARTIN,DB11,V12
ASTON MARTIN,DB7,VANTAGE
ASTON MARTIN,DBS,SUPERLEGGERA
ASTON MARTIN,DBS,VOLANTE
ASTON MARTIN,DBX,707
ASTON MARTIN,RAPIDE,S
ASTON MARTIN,V12,VANTAGE CARBON BLACK
ASTON MARTIN,VANTAGE,NO_VARIANT
AUDI,A1,SPORTBACK TFSI
AUDI,A1,TFSI
AUDI,A1,TFSI S LINE
AUDI,A3,TFSI SPORTBACK
AUDI,A3,TFSI
AUDI,A3,TFSI CARBON EDITION
AUDI,A3,TFSI QUATTRO
AUDI,A4,TFSI
AUDI,A4,TFSI S LINE
AUDI,A4,SPORT TFSI QUATTRO
AUDI,A4,TFSI QUATTRO
AUDI,A4,TFSI QUATTRO S LINE
AUDI,A4,TFSI TECH PACK
AUDI,A5,TFSI
AUDI,A5,S LINE BLACK EDT TFSI QUT A
AUDI,A5,TFSI QUATTRO S LINE
AUDI,A5,TFSI QUATTRO S LINE SPORTBACK
AUDI,A5,TFSI QUATTRO SPORTBACK ADVANCED
AUDI,A5,TFSI QUATTRO SPORTBACK SPORT
AUDI,A5,TFSI QUATTRO SPORTBACK
AUDI,A5,TFSI S LINE SPORTBACK
AUDI,A5,TFSI SPORTBACK
AUDI,A6,TFSI
AUDI,A6,TFSI HYBRID
AUDI,A6,TFSI QUATTRO
AUDI,A6,TFSI S LINE QUATTRO
AUDI,A6,TFSI SPORT
AUDI,A6,FSI
AUDI,A7,TFSI QUATTRO SPORTBACK
AUDI,A7,TDI S LINE QUATTRO SPORTBACK
AUDI,A7,TFSI QUATTRO S LINE SPORTBACK
AUDI,A8,L HYBRID
AUDI,A8,L TFSI QUATTRO
AUDI,A8,L FSI QUATTRO
AUDI,A8L,TFSI QUATTRO
AUDI,E-TRON,50 QUATTRO SPORTBACK
AUDI,E-TRON,55 QUATTRO SPORTBACK
AUDI,Q2,TFSI
AUDI,Q3,TFSI
AUDI,Q3,TFSI ADVANCED
AUDI,Q3,TFSI SPORTBACK
AUDI,Q3,TFSI QUATTRO
AUDI,Q3,TFSI QUATTRO SPORTBACK
AUDI,Q4 E-TRON,40 EDITION 1
AUDI,Q5,TFSI QUATTRO
AUDI,Q5,TFSI QUATTRO S LINE
AUDI,Q5,TFSI SPORTBACK
AUDI,Q5,TFSI SPORT
AUDI,Q7,TDI QUATTRO
AUDI,Q7,TDI QUATTRO S LINE
AUDI,Q7,TFSI QUATTRO
AUDI,Q7,TFSI QUATTRO LUXURY EDITION
AUDI,Q7,FSI QUATTRO S LINE
AUDI,Q7,FSI QUATTRO
AUDI,Q8,TFSI
AUDI,Q8,50 TDI QUATTRO S LINE
AUDI,Q8,TFSI S LINE
AUDI,R8,FSI QUATTRO
AUDI,R8,V10
AUDI,R8,V10 PERFORMANCE
AUDI,RS,NO_VARIANT
AUDI,RS E TRON,NO_VARIANT
AUDI,RS E TRON GT,NO_VARIANT
AUDI,RS E-TRON GT,NO_VARIANT
AUDI,RS Q8,BLACK EDITION
AUDI,RS Q8,CARBON PACKAGE
AUDI,RS Q8,VORSPRUNG
AUDI,RS3,BLACK EDITION
AUDI,RS3,SPORTBACK
AUDI,RS4,NO_VARIANT
AUDI,RS5,SPORTBACK
AUDI,RS6,NO_VARIANT
AUDI,S3,SPORTBACK
AUDI,S4,NO_VARIANT
AUDI,S5,SPORTBACK
AUDI,S5,TFSI QUATTRO
AUDI,S5,TFSI QUATTRO BLACK EDITION
AUDI,S5,TFSI QUATTRO SPORTBACK
AUDI,S5,TFSI QUATTRO SPORTBACK BLACK EDIT
AUDI,S5,FSI QUATTRO
AUDI,S6,NO_VARIANT
AUDI,S7,NO_VARIANT
AUDI,S8,NO_VARIANT
AUDI,TT,TFSI QUATTRO
AUDI,TT,S TFSI QUATTRO
AUDI,TT,TFSI
AUDI,TT,TFSI 211 HP
AUDI,TT,TFSI S LINE
AUDI,TT,RS
AUDI,TT,QUATTRO
AUDI,TTRS,NOGARO ED TFSI QUAT S-A
AUDI,TTS,BLACK EDITION
AUSTIN,MINI CLUBMAN,NO_VARIANT
AUSTIN,MORRIS,NO_VARIANT
BAIC,BJ40 PLUS,NO_VARIANT
BENTLEY,BENTAYGA,V8
BENTLEY,BENTAYGA,AZURE EWB
BENTLEY,BENTAYGA,DESIGN SERIES V8
BENTLEY,BENTAYGA,FIRST EDITION V8
BENTLEY,BENTAYGA,S V8
BENTLEY,BENTAYGA,W12
BENTLEY,BROOKLANDS,NO_VARIANT
BENTLEY,CONTINENTAL,SUPERSPORTS
BENTLEY,CONTINENTAL,FLYING SPUR
BENTLEY,CONTINENTAL,GT
BENTLEY,CONTINENTAL FLYING SPUR,NO_VARIANT
BENTLEY,CONTINENTAL GT,V8
BENTLEY,CONTINENTAL GT,V8 MULLINER
BENTLEY,CONTINENTAL GT,V8 S
BENTLEY,CONTINENTAL GT,BLACK SPEED
BENTLEY,CONTINENTAL GT,SPEED
BENTLEY,CONTINENTAL GT,W12
BENTLEY,FLYING SPUR,V8
BENTLEY,FLYING SPUR,V8 FIRST EDITION
BENTLEY,FLYING SPUR,V8 MULLINER
BENTLEY,FLYING SPUR,W12
BENTLEY,FLYING SPUR,W12 FIRST EDITION
BENTLEY,GT,NO_VARIANT
BENTLEY,MULSANNE,SPEED
BMW,1 SERIES,118I
BMW,1 SERIES,116I
BMW,1 SERIES,120I
BMW,1 SERIES,125I
BMW,1 SERIES,135I
BMW,118I,NO_VARIANT
BMW,2 SERIES,218I
BMW,2 SERIES,220I
BMW,2 SERIES,M235I
BMW,2 SERIES,M240I
BMW,218I,ACTIVE TOURER
BMW,218I,M SPORT
BMW,3 SERIES,320I
BMW,3 SERIES,318I
BMW,3 SERIES,316I
BMW,3 SERIES,320D
BMW,3 SERIES,328I
BMW,3 SERIES,330LI
BMW,3 SERIES,330E
BMW,3 SERIES,330I
BMW,3 SERIES,323I
BMW,3 SERIES,325I
BMW,3 SERIES,328CI
BMW,3 SERIES,330CI
BMW,3 SERIES,335I
BMW,318I,LUXURY
BMW,320I,LUXURY LINE
BMW,320I,SPORT LINE
BMW,328I,GT SPORT LINE
BMW,330E,M SPORT
BMW,4 SERIES,420I
BMW,4 SERIES,428I
BMW,4 SERIES,430I
BMW,5 SERIES,530I
BMW,5 SERIES,520D
BMW,5 SERIES,520I
BMW,5 SERIES,523D
BMW,5 SERIES,523I
BMW,5 SERIES,528I
BMW,5 SERIES,530E
BMW,5 SERIES,525I
BMW,5 SERIES,535I
BMW,5 SERIES,545I
BMW,5 SERIES,550I
BMW,528I,M SPORT
BMW,6 SERIES,630I
BMW,6 SERIES,630CI
BMW,6 SERIES,640I
BMW,630I,GT M SPORT
BMW,640I,NO_VARIANT
BMW,7 SERIES,730LI
BMW,7 SERIES,740LE
BMW,7 SERIES,730LD
BMW,7 SERIES,740LI
BMW,7 SERIES,740I
BMW,7 SERIES,750E
BMW,7 SERIES,750I
BMW,8 SERIES,840I
BMW,840I,NO_VARIANT
BMW,I,I4
BMW,I,I5
BMW,I,I7
BMW,I,IX
BMW,I,IX1
BMW,I,IX2
BMW,I,IX3
BMW,I,I8
BMW,I4,NO_VARIANT
BMW,I7,NO_VARIANT
BMW,I8,NO_VARIANT
BMW,IX 40,NO_VARIANT
BMW,M,M135I
BMW,M,1 SERIES M
BMW,M,M140I
BMW,M,M2
BMW,M,M3
BMW,M,M340I
BMW,M,M4
BMW,M,M440I
BMW,M,M5
BMW,M,M6
BMW,M,M8
BMW,M,M850I
BMW,M1,NO_VARIANT
BMW,M2,NO_VARIANT
BMW,M3,NO_VARIANT
BMW,M340I,NO_VARIANT
BMW,M4,NO_VARIANT
BMW,M5,NO_VARIANT
BMW,M8,NO_VARIANT
BMW,M850I,NO_VARIANT
BMW,MINI COOPER,NO_VARIANT
BMW,MINI COOPERS S 1.6,NO_VARIANT
BMW,X,X1
BMW,X,X2
BMW,X,X3
BMW,X,X4
BMW,X,X5
BMW,X,X6
BMW,X,X7
BMW,X,XM
BMW,X1,XDRIVE20D
BMW,X1,SDRIVE20I SPORT LINE
BMW,X2,NO_VARIANT
BMW,X3,SDRIVE20I X-LINE
BMW,X4,NO_VARIANT
BMW,X5,NO_VARIANT
BMW,X5 M,NO_VARIANT
BMW,X6,NO_VARIANT
BMW,X6 M,NO_VARIANT
BMW,Z,Z3
BMW,Z,Z4
BMW,Z3,NO_VARIANT
BMW,Z4,NO_VARIANT
BOON KOON,CERGAS,G EDITION
BRAND,NEW CAF GRANMAX MODEL 2022 LUTONBOXVAN,NO_VARIANT
BRAND,NEW CAF GRANMAXMODEL 2022 FOODTRUCK,NO_VARIANT
BYD,ATTO 3,EXTENDED RANGE
BYD,ATTO 3,STANDARD RANGE
BYD,DOLPHIN,DYNAMIC
BYD,DOLPHIN,PREMIUM
BYD,M6,EXTENDED RANGE
BYD,M6,STANDARD RANGE
BYD,SEAL,DYNAMIC SR
BYD,SEAL,PERFORMANCE
BYD,SEAL,PREMIUM ER
BYD,SEALION 7,PERFORMANCE
BYD,SEALION 7,PREMIUM
CADILLAC,CTS,NO_VARIANT
CADILLAC,ESCALADE,PLATINUM
CAM,KINGO,HIGH ROOF WINDOW VAN
CAM,PLACER X,WINDOW VAN
CAM,PLACER X,HIGH ROOF WINDOW VAN
CAM,PLACER X,WINDOW
CAM,PLACER-X A4,NO_VARIANT
CHANA,ERA STAR II,PANEL
CHANA,ERA STAR II,PASAR MALAM
CHANGAN,ERA STAR,SC1022BB13D
CHERY,EASTAR,ES PREMIUM
CHERY,EASTAR,ST PREMIUM
CHERY,H5,NO_VARIANT
CHERY,H5 (H13),NO_VARIANT
CHERY,MAXIME,PREMIUM
CHERY,OMODA 5,H
CHERY,OMODA 5,C
CHERY,OMODA E5,NO_VARIANT
CHERY,TIGGO,NO_VARIANT
CHERY,TIGGO 7 PRO,NO_VARIANT
CHERY,TIGGO 8 PRO,PREMIUM
CHERY,TRANSCOM,TCI WINDOW
CHEVROLET,CAMARO,TRANSFORMER EDITION
CHEVROLET,CAMARO,RS
CHEVROLET,CAPTIVA,LT
CHEVROLET,CAPTIVA,LTZ
CHEVROLET,COLORADO,LTZ DUAL CAB
CHEVROLET,COLORADO,X DUAL CAB
CHEVROLET,COLORADO,LTZ SPORT EDITION DUAL CAB
CHEVROLET,CORVETTE,STINGRAY 3LT
CHEVROLET,CORVETTE,Z06
CHEVROLET,CRUZE,LT
CHEVROLET,CRUZE,LT SPORT
CHEVROLET,CRUZE,SE
CHEVROLET,MALIBU,LTZ
CHEVROLET,ORLANDO,LT
CHEVROLET,SONIC,LTZ
CHRYSLER,CROSSFIRE,NO_VARIANT
CITROEN,C3 AIRCROSS,PURE TECH
CITROEN,C4 PICASSO,L2 SEDUCTION
CITROEN,DS4,THP
CITROEN,DS5,THP
CITROEN,DS7,PERFORMANCE LINE CROSSBACK
CITROEN,GRAND C4 PICASSO,GRAND PICASSO THP163
DAIHATSU,CANBUS,NO_VARIANT
DAIHATSU,COPEN,CERO
DAIHATSU,DELTA,V58R-HS
DAIHATSU,DELTA,V116-HA
DAIHATSU,FEROZA,VOYAGER
DAIHATSU,GRAN MAX,ALUMINIUM HAWKER
DAIHATSU,GRAN MAX,BOX
DAIHATSU,GRAN MAX,FROZEN FOOD
DAIHATSU,GRAN MAX,LUTON/KOTAK
DAIHATSU,GRAN MAX,LUTON
DAIHATSU,GRAN MAX,MOBILE CAFE
DAIHATSU,GRAN MAX,PANEL
DAIHATSU,GRAN MAX,PICK UP
DAIHATSU,GRAN MAX,SEMI PANEL
DAIHATSU,GRAN MAX,STEEL CARGO
DAIHATSU,GRAN MAX,UTILITY PICK-UP
DAIHATSU,GRAN MAX,WINDOW VAN
DAIHATSU,GRAN MAX,WOODEN CARGO
DAIHATSU,MOVE,NO_VARIANT
DAIHATSU,MOVE CANBUS,G
DAIHATSU,MOVE CANBUS,G MAKEUP
DAIHATSU,MOVE CANBUS,STRIPES G
DAIHATSU,TAFT,G
DAIHATSU,TAFT 660 TURBO PANAROMIC GRED 5A LED,NO_VARIANT
DAIHATSU,TANTO CUSTOM,RS
DAIHATSU,V116-HA,NO_VARIANT
DAIHATSU,V116-HU,NO_VARIANT
DODGE,NITRO,NO_VARIANT
DS AUTOMOBILES,DS 7,PERFORMANCE LINE
FARID,PLACER X,FRD6600C
FERRARI,296 GTB,NO_VARIANT
FERRARI,360,MODENA F1
FERRARI,430,NO_VARIANT
FERRARI,458,NO_VARIANT
FERRARI,458 ITALIA,NO_VARIANT
FERRARI,458 SPECIALE,NO_VARIANT
FERRARI,458 SPIDER,NO_VARIANT
FERRARI,488,NO_VARIANT
FERRARI,488 GTB,NO_VARIANT
FERRARI,488 PISTA,NO_VARIANT
FERRARI,488 SPIDER,NO_VARIANT
FERRARI,812,NO_VARIANT
FERRARI,812 SUPERFAST,NO_VARIANT
FERRARI,CALIFORNIA,T
FERRARI,F12,NO_VARIANT
FERRARI,F12BERLINETTA,NO_VARIANT
FERRARI,F430,SCUDERIA
FERRARI,F430,SPIDER
FERRARI,F8,NO_VARIANT
FERRARI,F8 TRIBUTO,NO_VARIANT
FERRARI,GTC4LUSSO,NO_VARIANT
FERRARI,OTHER,NO_VARIANT
FERRARI,PORTOFINO,NO_VARIANT
FERRARI,ROMA,NO_VARIANT
FERRARI,SF90 STRADALE,NO_VARIANT
FIAT,500,ABARTH 595 TURISMO
FIAT,500,ABARTH 595 ESSEESSE
FIAT,ABARTH,595
FORD,ECOSPORT,TITANIUM
FORD,ECOSPORT,TREND
FORD,ESCAPE,XLT ELITE
FORD,EVEREST,TITANIUM 4X4
FORD,FIESTA,ECOBOOST S
FORD,FIESTA,SPORT
FORD,FIESTA,TITANIUM
FORD,FIESTA,LX
FORD,FIESTA,ST ECOBOOST
FORD,FOCUS,TITANIUM
FORD,FOCUS,ECOBOOST SPORT PLUS
FORD,FOCUS,ECOBOOST TITANIUM PLUS
FORD,FOCUS,ECOBOOST TREND
FORD,FOCUS,GHIA
FORD,FOCUS,GHIA TDCI
FORD,FOCUS,ST
FORD,FOCUS,SPORT
FORD,FOCUS,SPORT PLUS
FORD,FOCUS,SPORT TDCI
FORD,KUGA,ECOBOOST TITANIUM
FORD,KUGA,ECOBOOST TITANIUM SE
FORD,MONDEO,ECOBOOST
FORD,MUSTANG,HIGH PERFORMANCE
FORD,MUSTANG,ECOBOOST
FORD,MUSTANG,GT
FORD,MUSTANG,GT YELLOW TRI-COAT
FORD,MUSTANG MACH-E,NO_VARIANT
FORD,OTHER,NO_VARIANT
FORD,RANGER,XLT HIGH RIDER DUAL CAB
FORD,RANGER,RAPTOR DUAL CAB
FORD,RANGER,RAPTOR HIGH RIDER DUAL CAB
FORD,RANGER,RAPTOR X SPECIAL EDITION DUAL CAB
FORD,RANGER,SPLASH LIMITED PLUS
FORD,RANGER,WILDTRAK DUAL CAB
FORD,RANGER,WILDTRAK HIGH RIDER DUAL CAB
FORD,RANGER,WILDTRAK SPORT HIGH RIDER DUAL CAB
FORD,RANGER,XL DUAL CAB
FORD,RANGER,XLT
FORD,RANGER,XLT DUAL CAB
FORD,RANGER,XLT PLUS DUAL CAB
FORD,RANGER,XLT+ HIGH RIDER DUAL CAB
FORD,RANGER,XLT+ HIGH RIDER UPDATE DUAL CAB
FORD,RANGER,XLT+ SPECIAL EDITION HIGH RIDER DUAL CAB
FORD,RANGER,XL 4WD
FORD,RANGER,XL HI-RIDER DUAL CAB
FORD,RANGER,XL HIGH RIDER DUAL CAB
FORD,RANGER,XL HIGH RIDER SINGLE CAB
FORD,RANGER,XL LO-RIDER DUAL CAB
FORD,RANGER,XL SINGLE CAB
FORD,RANGER,XLT FX4 DUAL CAB
FORD,RANGER,XLT HI-RIDER DUAL CAB
FORD,RANGER,DBL WLT
FORD,RANGER,WILDTRAK JET BLACK EDITION DUAL CAB
FORD,RANGER 2.0 WILDTRAK,NO_VARIANT
FORD,S-MAX,ECOBOOST
FORD,TRANSIT,WINDOW
FOTON,VIEW,C2 PANEL
FOTON,VIEW,C2 WINDOW
FOTON,VIEW,CS2
FOTON,VIEW,VIEW SEMI HIGH ROOF
FOTON,VIEW,CS2 HIGH ROOF ISF
FOTON,VIEW,WINDOW
FUSO,FE71PB,NO_VARIANT
FUSO,FE83,NO_VARIANT
FUSO,TF CANTER 150,NO_VARIANT
GAC,AION Y PLUS,PREMIUM
GAC,GS3,EMZOOM EXCLUSIVE
GAC,GS3,EMZOOM PREMIUM R
GOLDEN DRAGON,X5,HIGH ROOF WINDOW VAN
GOLDEN DRAGON,X5,WINDOW VAN
GREAT WALL,GWM TANK 300,NO_VARIANT
GREAT WALL,HAVAL,NO_VARIANT
GREAT WALL,ORA 07,NO_VARIANT
GREAT WALL,ORA GOOD CAT,NO_VARIANT
GREAT WALL,WINGLE 5,GE
GREAT WALL MOTOR,HAVAL H5,H1
GREAT WALL MOTOR,HAVAL H6,HEV
GREAT WALL MOTOR,ORA 07,LONG RANGE ULTRA
GREAT WALL MOTOR,ORA GOOD CAT,400 PRO
GREAT WALL MOTOR,ORA GOOD CAT,500 ULTRA
GREAT WALL MOTOR,TANK 300,NO_VARIANT
HAVAL,H1,COMFORT
HAVAL,H1,PREMIUM
HAVAL,H2,PREMIUM
HAVAL,H6 HEV,NO_VARIANT
HICOM,MTB145,NO_VARIANT
HICOM,MTB150DX,NO_VARIANT
HINO,300 SERIES,NO_VARIANT
HINO,FC7J,NO_VARIANT
HINO,FD7J,NO_VARIANT
HINO,FD8J,NO_VARIANT
HINO,HINO OTHER,NO_VARIANT
HINO,LORI KARGO,NO_VARIANT
HINO,WU300R,NO_VARIANT
HINO,WU302R-HKMLHD3,NO_VARIANT
HINO,WU710R,HKMML3
HINO,WU720,EURO 2
HINO,WU720R,HKMML
HINO,XZC710,NO_VARIANT
HINO,XZU302,(RB/HIR F01)
HINO,XZU411,NO_VARIANT
HINO,XZU413R,HKMMB3
HINO,XZU600R,HKMLJ3
HINO,XZU600R,HKMLJ3-UBS
HINO,XZU720,NO_VARIANT
HINO,XZU720R,HKMQK3-UBS
HINO,XZU720R-HKFTL3,NO_VARIANT
HINO,XZU720R-HKMQK3,NO_VARIANT
HONDA,ABSOLUTE 2.4 UNREGISTERED,NO_VARIANT
HONDA,ACCORD,TC PREMIUM
HONDA,ACCORD,TC VTEC
HONDA,ACCORD,I-VTEC VTI-L
HONDA,ACCORD,EURO R
HONDA,ACCORD,VTI
HONDA,ACCORD,VTI-S
HONDA,ACCORD,I-VTEC VTI
HONDA,ACCORD,I-VTEC
HONDA,ACCORD,VTI-L
HONDA,ACCORD,I-VTEC VTI-L ADVANCE
HONDA,AIRWAVE,NO_VARIANT
HONDA,BR-V,E I-VTEC
HONDA,BR-V,V I-VTEC
HONDA,CITY,V I-VTEC
HONDA,CITY,E I-VTEC
HONDA,CITY,E+ I-VTEC
HONDA,CITY,EFI
HONDA,CITY,HYBRID
HONDA,CITY,RS
HONDA,CITY,RS E-HEV
HONDA,CITY,RS I-VTEC
HONDA,CITY,S I-VTEC
HONDA,CITY,S+ I-VTEC
HONDA,CITY,SE I-VTEC
HONDA,CITY,V SE I-VTEC
HONDA,CITY,V SENSING
HONDA,CITY,V(SENSING) SENSING
HONDA,CITY,VTEC
HONDA,CITY,I-DSI
HONDA,CITY HATCHBACK,NO_VARIANT
HONDA,CIVIC,E VTEC
HONDA,CIVIC,RS VTEC
HONDA,CIVIC,TC VTEC
HONDA,CIVIC,TC VTEC PREMIUM
HONDA,CIVIC,V VTEC
HONDA,CIVIC,I-VTEC HYBRID
HONDA,CIVIC,EFI
HONDA,CIVIC,EXI
HONDA,CIVIC,VTI
HONDA,CIVIC,EXI-S
HONDA,CIVIC,VTEC
HONDA,CIVIC,VTI-S
HONDA,CIVIC,EK
HONDA,CIVIC,S I-VTEC
HONDA,CIVIC,S-L I-VTEC
HONDA,CIVIC,SE I-VTEC MODULO
HONDA,CIVIC,NAVI I-VTEC
HONDA,CIVIC,S I-VTEC ENHANCED
HONDA,CIVIC,SE NAVI I-VTEC MODULO
HONDA,CIVIC,TYPE R
HONDA,CIVIC,E:HEV RS
HONDA,CIVIC,I-VTEC
HONDA,CIVIC FK7,NO_VARIANT
HONDA,CR-V,BLACK EDITION
HONDA,CR-V,E
HONDA,CR-V,S
HONDA,CR-V,TC VTEC
HONDA,CR-V,TC-MUGEN VTEC
HONDA,CR-V,TC-P VTEC
HONDA,CR-V,V
HONDA,CR-V,I-VTEC
HONDA,CR-V,E:HEV RS
HONDA,CR-V,I-VTEC LIMITED EDITION
HONDA,CR-Z,HYBRID I-VTEC
HONDA,CRX,SI
HONDA,E,ADVANCE
HONDA,EDIX,NO_VARIANT
HONDA,ELYSION,G
HONDA,FIT,RS
HONDA,FIT,RS E-HEV
HONDA,FREED,E I-VTEC
HONDA,FREED,S I-VTEC
HONDA,HR-V,I-VTEC V
HONDA,HR-V,E
HONDA,HR-V,S
HONDA,HR-V,V
HONDA,HR-V,E:HEV RS
HONDA,HR-V,I-VTEC HYBRID
HONDA,HR-V,I-VTEC E
HONDA,HR-V,I-VTEC RS
HONDA,HR-V,I-VTEC S
HONDA,INSIGHT,HYBRID I-VTEC
HONDA,INTEGRA,TYPE R
HONDA,INTEGRA,TYPE S
HONDA,JADE,RS
HONDA,JAZZ,HYBRID
HONDA,JAZZ,I-DSI
HONDA,JAZZ,E I-VTEC
HONDA,JAZZ,MUGEN I-VTEC
HONDA,JAZZ,S I-VTEC
HONDA,JAZZ,V I-VTEC
HONDA,JAZZ,VTEC
HONDA,JAZZ,I-VTEC
HONDA,LEGEND,NO_VARIANT
HONDA,N BOX,NO_VARIANT
HONDA,N ONE RS,NO_VARIANT
HONDA,N ONE RS 660 PREMIUM,NO_VARIANT
HONDA,N ONE RS TURBO,NO_VARIANT
HONDA,N-BOX,NO_VARIANT
HONDA,N-BOX CUSTOM,G EX
HONDA,N-BOX CUSTOM,G L
HONDA,N-ONE,RS
HONDA,ODYSSEY,EXV
HONDA,ODYSSEY,E-RA
HONDA,ODYSSEY,ABSOLUTE
HONDA,ODYSSEY,ABSOLUTE HONDA SENSING
HONDA,ODYSSEY,EX I-VTEC
HONDA,ODYSSEY,EXV I-VTEC
HONDA,ODYSSEY,G HONDA SENSING
HONDA,ODYSSEY,RB3
HONDA,ODYSSEY,I-VTEC
HONDA,ODYSSEY 2.4,NO_VARIANT
HONDA,PRELUDE,NO_VARIANT
HONDA,S660,ALPHA
HONDA,S660,MODULO X
HONDA,S660,MODULO X VERSION Z
HONDA,STEP WGN,AIR
HONDA,STEP WGN,SPADA
HONDA,STEP WGN,SPADA COOL SPIRIT
HONDA,STEP WGN,SPADA COOL SPIRT
HONDA,STEP WGN,SPADA PREMIUM LINE
HONDA,STEPWAGON,SPADA MODULO
HONDA,STEPWGN,NO_VARIANT
HONDA,STREAM,I-VTEC RSZ
HONDA,STREAM,ABSOLUTE
HONDA,STREAM,RSZ
HONDA,STREAM,I-VTEC
HONDA,STREAM,DBA-RN8
HONDA,STREAM,IV
HONDA,STREAM,IVS
HONDA,WR-V,E
HONDA,WR-V,RS
HONDA,WR-V,RS SE
HONDA,WR-V,S
HONDA,WR-V,V
HUMMER,H3,NO_VARIANT
HYUNDAI,ACCENT,NO_VARIANT
HYUNDAI,AVANTE,X20
HYUNDAI,COUPE,GK
HYUNDAI,CRETA,PLUS
HYUNDAI,ELANTRA,EX
HYUNDAI,ELANTRA,EX SPORT LIMITED EDITION
HYUNDAI,ELANTRA,PREMIUM
HYUNDAI,ELANTRA,SMARTSTREAM PREMIUM
HYUNDAI,ELANTRA,SPORT
HYUNDAI,ELANTRA,DYNAMIC
HYUNDAI,ELANTRA,EXECUTIVE
HYUNDAI,GENESIS,NO_VARIANT
HYUNDAI,GETZ,GL
HYUNDAI,GRAND STAREX,EXECUTIVE
HYUNDAI,GRAND STAREX,EXECUTIVE PLUS
HYUNDAI,GRAND STAREX,EXECUTIVE PLUS SE
HYUNDAI,GRAND STAREX,EXECUTIVE PRIME
HYUNDAI,GRAND STAREX,ROYALE
HYUNDAI,GRAND STAREX,ROYALE DELUXE
HYUNDAI,GRAND STAREX,ROYALE GLS
HYUNDAI,GRAND STAREX,ROYALE GLS DELUXE
HYUNDAI,GRAND STAREX,ROYALE GLS PREMIUM
HYUNDAI,GRAND STAREX,ROYALE PREMIUM
HYUNDAI,I10,NO_VARIANT
HYUNDAI,I40,GDI
HYUNDAI,I40,GDI PLUS
HYUNDAI,I40,GDI TOURER PLUS
HYUNDAI,IONIQ,HYBRID BLUEDRIVE HEV
HYUNDAI,IONIQ,HYBRID BLUEDRIVE HEV PLUS
HYUNDAI,IONIQ 5,MAX
HYUNDAI,IONIQ 5,PLUS
HYUNDAI,IONIQ 6,MAX
HYUNDAI,IONIQ 6,PLUS
HYUNDAI,MATRIX,GLA
HYUNDAI,MATRIX,GLS
HYUNDAI,PALISADE,EXECUTIVE
HYUNDAI,PALISADE,LUXURY
HYUNDAI,SANTA FE,HYBRID PLUS
HYUNDAI,SANTA FE,MAX
HYUNDAI,SANTA FE,R EXECUTIVE
HYUNDAI,SANTA FE,R PREMIUM
HYUNDAI,SANTA FE,EXECUTIVE
HYUNDAI,SANTA FE,PREMIUM
HYUNDAI,SONATA,SPORT
HYUNDAI,SONATA,ELEGANCE
HYUNDAI,SONATA,ELEGANCE B
HYUNDAI,SONATA,EXECUTIVE
HYUNDAI,SONATA,EXECUTIVE PLUS
HYUNDAI,SONATA,GLS
HYUNDAI,SONATA,HIGH SPEC
HYUNDAI,SONATA,PREMIUM
HYUNDAI,STAREX,NO_VARIANT
HYUNDAI,STAREX TQ,CRDI
HYUNDAI,STAREX TQ,GLS
HYUNDAI,STARIA,LITE
HYUNDAI,STARIA,MAX
HYUNDAI,STARIA,PLUS
HYUNDAI,STARIA,PREMIUM
HYUNDAI,TUCSON,PLUS
HYUNDAI,TUCSON,TURBO
HYUNDAI,TUCSON,CRDI
HYUNDAI,TUCSON,ELEGANCE
HYUNDAI,TUCSON,EXECUTIVE
HYUNDAI,TUCSON,EXECUTIVE PLUS
HYUNDAI,TUCSON,PREMIUM
HYUNDAI,TUCSON,SPORT
HYUNDAI,VELOSTER,PREMIUM
HYUNDAI,VELOSTER,TURBO
HYUNDAI,VELOSTER,TURBO SPORT
INFINITI,EX37,NO_VARIANT
INFINITI,FX37,NO_VARIANT
INFINITI,Q50,GT
INFINITI,Q50,GT PREMIUM
INFINITI,QX80,NO_VARIANT
INOKOM,ATOS,GLA
INOKOM,ELANTRA,GLS
INOKOM,ELANTRA,HIGH SPEC
INOKOM,ELANTRA,SPORT
INOKOM,ELANTRA,PREMIUM
INOKOM,GETZ,NO_VARIANT
INOKOM,I10,EPSILON PREMIUM
INOKOM,I10,INSPIRED
INOKOM,I10,KAPPA
INOKOM,I10,KAPPA HI-SPEC
INOKOM,I10,KAPPA PREMIUM
INOKOM,I10,KAPPA STANDARD SPEC
INOKOM,LORIMAS,AU 26
INOKOM,MATRIX,NO_VARIANT
INOKOM,SANTA FE,CRDI
INOKOM,SANTA FE,CRDI ELEGANCE
INOKOM,SANTA FE,CRDI EXECUTIVE PLUS
INOKOM,SANTA FE,CRDI PREMIUM
INOKOM,SANTA FE,ELEGANCE
INOKOM,SANTA FE,EXECUTIVE PLUS
INOKOM,SANTA FE,G
INOKOM,SANTA FE,HIGH SPEC
INOKOM,SANTA FE,PREMIUM
ISUZU,D-MAX,AUTO PLUS DUAL CAB
ISUZU,D-MAX,DDI BLUEPOWER HI-RIDE DUAL CAB
ISUZU,D-MAX,DDI BLUEPOWER LOW-RIDE DUAL CAB
ISUZU,D-MAX,DDI BLUEPOWER PREMIUM DUAL CAB
ISUZU,D-MAX,DDI BLUEPOWER SINGLE CAB
ISUZU,D-MAX,DDI BLUEPOWER TYPE-B DUAL CAB
ISUZU,D-MAX,PREMIUM DUAL CAB
ISUZU,D-MAX,SINGLE CAB
ISUZU,D-MAX,STANDARD DUAL CAB
ISUZU,D-MAX,TFR87JDR-TLPH
ISUZU,D-MAX,DUAL CAB
ISUZU,D-MAX,ARTIC V-LID DUAL CAB
ISUZU,D-MAX,DIABLO DUAL CAB
ISUZU,D-MAX,HI-RIDE DUAL CAB
ISUZU,D-MAX,LS DUAL CAB
ISUZU,D-MAX,X-SERIES DUAL CAB
ISUZU,D-MAX,Z-PRESTIGE DUAL CAB
ISUZU,D-MAX,V-CROSS DUAL CAB
ISUZU,D-MAX,V-CROSS SAFARI DUAL CAB
ISUZU,D-MAX,V-CROSS X-SERIES DUAL CAB
ISUZU,D-MAX,V-CROSS X-TERRAIN DUAL CAB
ISUZU,D-MAX,V-CROSS Z-PRESTIGE DUAL CAB
ISUZU,ELF,NLR PRO
ISUZU,FRR90,NO_VARIANT
ISUZU,MU-X,NO_VARIANT
ISUZU,NHR,NO_VARIANT
ISUZU,NHR69,(RB/HS H1A)
ISUZU,NKR,NO_VARIANT
ISUZU,NKR55UEEH,NO_VARIANT
ISUZU,NKR55UEET-B,NO_VARIANT
ISUZU,NLR,NO_VARIANT
ISUZU,NLR55UEE,NO_VARIANT
ISUZU,NLR77UEE,NO_VARIANT
ISUZU,NLR77UHE,NO_VARIANT
ISUZU,NLR85UEE,NO_VARIANT
ISUZU,NMR85,NO_VARIANT
ISUZU,NPR,NO_VARIANT
ISUZU,NPR71,RB/BK S2S/CNG
ISUZU,NPR71UKH,NO_VARIANT
ISUZU,NPR75,NO_VARIANT
ISUZU,NPR75UHL,NO_VARIANT
ISUZU,NPR81,NO_VARIANT
ISUZU,NPR81UKH,NO_VARIANT
ISUZU,RODEO,SPORT DUAL CAB
ISUZU,TROOPER,V6
JAECOO,J7,NO_VARIANT
JAGUAR,DAIMLER,NO_VARIANT
JAGUAR,F-PACE,25T INGENIUM HI-SPEC
JAGUAR,F-PACE,25T INGENIUM MID-SPEC
JAGUAR,F-PACE,35T R-SPORT
JAGUAR,F-TYPE,NO_VARIANT
JAGUAR,I PACE,NO_VARIANT
JAGUAR,I-PACE,EV400 BLACK LE
JAGUAR,I-PACE,EV400 HSE
JAGUAR,XE,R-SPORT
JAGUAR,XF,25T R SPORT
JAGUAR,XF,LUXURY
JAGUAR,XF,LUXURY TI
JAGUAR,XJ,L TI LUXURY
JAGUAR,XJ,PREMIUM LUXURY
JAGUAR,XJ,L PREMIUM LUXURY
JAGUAR,XJ,L SUPERSPORT
JAGUAR,XJ,L SC SUPERSPORT
JAGUAR,XJ6,NO_VARIANT
JAGUAR,XJ8,NO_VARIANT
JAGUAR,XJS,NO_VARIANT
JAGUAR,XK,R
JAGUAR,XKR,NO_VARIANT
JEEP,GRAND CHEROKEE,OVERLAND
JEEP,WRANGLER,UNLIMITED RUBICON
JEEP,WRANGLER,UNLIMITED SAHARA
JEEP,WRANGLER,UNLIMITED SPORT
JEEP,WRANGLER,SAHARA
KAICENE,ERA STAR II,BOX
KAICENE,ERA STAR II,LUTON
KAICENE,ERA STAR II,PANEL
KAICENE,ERA STAR II,SEMI PANEL
KAICENE,ERA STAR II,STEEL BODY
KIA,CARENS,NO_VARIANT
KIA,CARNIVAL,HIGH
KIA,CARNIVAL,MID
KIA,CARNIVAL,YP
KIA,CERATO,K3
KIA,CERATO,KOUP T-GDI
KIA,CERATO,KX
KIA,CERATO,YD
KIA,EV6,GT-LINE
KIA,EV9,GT LINE
KIA,FORTE,SX
KIA,GRAND CARNIVAL,CRDI
KIA,GRAND CARNIVAL,EX CRDI
KIA,GRAND CARNIVAL,KX CRDI
KIA,GRAND CARNIVAL,SX CRDI
KIA,GRAND CARNIVAL 2.2,NO_VARIANT
KIA,NIRO,NO_VARIANT
KIA,OPTIMA,NO_VARIANT
KIA,OPTIMA JF,GT
KIA,OPTIMA K5,EX
KIA,OPTIMA K5,GT
KIA,PICANTO,EX
KIA,PICANTO,GT LINE
KIA,PREGIO,WINDOW VAN
KIA,RIO,EX
KIA,RIO,SX
KIA,RIO,UB
KIA,RIO,X
KIA,SELTOS,EX
KIA,SORENTO,AWD
KIA,SORENTO,CRDI HS
KIA,SORENTO,CRDI LS
KIA,SORENTO,SX
KIA,SORENTO,UM
KIA,SORENTO,HS
KIA,SORENTO,MS
KIA,SORENTO,XM
KIA,SPORTAGE,EX
KIA,SPORTAGE,GT LINE
KIA,SPORTAGE,GT LINE AWD
KIA,SPORTAGE,KX
KIA,SPORTAGE,QL
KING LONG,XIAMEN PLACER,NO_VARIANT
KUBOTA,L1501DT,TRACTOR
LAMBORGHINI,AVENTADOR,LP700-4
LAMBORGHINI,AVENTADOR,LP750-4 SUPERVELOCE
LAMBORGHINI,AVENTADOR,S
LAMBORGHINI,AVENTADOR,SVJ
LAMBORGHINI,GALLARDO,LP560-4
LAMBORGHINI,GALLARDO,LP550-2 VALENTINO BALBONI
LAMBORGHINI,GALLARDO,LP560-4 SPYDER
LAMBORGHINI,GALLARDO,LP570-4 SUPERLEGGERA
LAMBORGHINI,HURACAN,LP610-4
LAMBORGHINI,HURACAN,EVO
LAMBORGHINI,HURACAN,LP 640-2 TECNICA
LAMBORGHINI,HURACAN,LP580-2
LAMBORGHINI,HURACAN,PERFORMANTE
LAMBORGHINI,HURACAN,STO
LAMBORGHINI,MURCIELAGO,LP640
LAMBORGHINI,SIN,NO_VARIANT
LAMBORGHINI,URUS,PERFORMANTE
LAND ROVER,DEFENDER,110 P300
LAND ROVER,DEFENDER,110 D240 FIRST EDITION
LAND ROVER,DEFENDER,110 D240 HSE
LAND ROVER,DEFENDER,110 P300 HSE
LAND ROVER,DEFENDER,110 P300 S
LAND ROVER,DEFENDER,90 P300
LAND ROVER,DEFENDER,90 S
LAND ROVER,DEFENDER,90 X DYNAMIC SE
LAND ROVER,DEFENDER,DUAL CAB
LAND ROVER,DEFENDER,STATION
LAND ROVER,DEFENDER,300TDI
LAND ROVER,DEFENDER,SINGLE CAB
LAND ROVER,DEFENDER,110 D300
LAND ROVER,DEFENDER,110 P400 HSE MHEV
LAND ROVER,DEFENDER,90 P400 MHEV
LAND ROVER,DEFENDER,P400
LAND ROVER,DEFENDER,110 P525 CARPATHIAN TALOS EDITION
LAND ROVER,DEFENDER,90 V8
LAND ROVER,DEFENDER 110  2.0PETROL 4WD,NO_VARIANT
LAND ROVER,DISCOVERY,SI4 SE
LAND ROVER,DISCOVERY 4,TDV6 HSE
LAND ROVER,DISCOVERY 4,SDV6 HSE
LAND ROVER,DISCOVERY SPORT,SI4
LAND ROVER,EVOQUE,NO_VARIANT
LAND ROVER,FREELANDER,TD4
LAND ROVER,FREELANDER 2,SD4 HSE
LAND ROVER,RANGE ROVER,VELAR P250 R-DYNAMIC SE
LAND ROVER,RANGE ROVER,SUPERCHARGED VOGUE AUTOBIOGRAPHY LWB
LAND ROVER,RANGE ROVER,D300 VOGUE
LAND ROVER,RANGE ROVER,D350 AUTOBIOGRAPHY
LAND ROVER,RANGE ROVER,D350 FIRST EDITION
LAND ROVER,RANGE ROVER,D350 FIRST EDITION LWB
LAND ROVER,RANGE ROVER,P400 VOGUE
LAND ROVER,RANGE ROVER,P400 VOGUE SE
LAND ROVER,RANGE ROVER,SDV6 VOGUE
LAND ROVER,RANGE ROVER,SUPERCHARGED
LAND ROVER,RANGE ROVER,SUPERCHARGED VOGUE
LAND ROVER,RANGE ROVER,TDV6 VOGUE
LAND ROVER,RANGE ROVER,TDV6 VOGUE SE
LAND ROVER,RANGE ROVER,AUTOBIOGRAPHY
LAND ROVER,RANGE ROVER,FIRST EDITION
LAND ROVER,RANGE ROVER,HSE
LAND ROVER,RANGE ROVER,P530 AUTOBIOGRAPHY LWB
LAND ROVER,RANGE ROVER,P530 FIRST EDITION LWB
LAND ROVER,RANGE ROVER,P530 SV LWB
LAND ROVER,RANGE ROVER,SDV8 AUTOBIOGRAPHY LWB
LAND ROVER,RANGE ROVER,SDV8 VOGUE AUTOBIOGRAPHY LWB
LAND ROVER,RANGE ROVER,SDV8 VOGUE SE
LAND ROVER,RANGE ROVER,VOGUE SDV8
LAND ROVER,RANGE ROVER,VOGUE TDV8
LAND ROVER,RANGE ROVER,P525 AUTOBIOGRAPHY LWB
LAND ROVER,RANGE ROVER,SUPERCHARGED AUTOBIOGRAPHY
LAND ROVER,RANGE ROVER,SUPERCHARGED SVAUTOBIOGRAPHY DYNAMIC
LAND ROVER,RANGE ROVER,SUPERCHARGED SVAUTOBIOGRAPHY LWB
LAND ROVER,RANGE ROVER,SUPERCHARGED VOGUE AUTOBIOGRAPHY
LAND ROVER,RANGE ROVER,SUPERCHARGED VOGUE SE
LAND ROVER,RANGE ROVER EVOQUE,P200
LAND ROVER,RANGE ROVER EVOQUE,P250 FIRST EDITION
LAND ROVER,RANGE ROVER EVOQUE,P250 R-DYNAMIC
LAND ROVER,RANGE ROVER EVOQUE,P300 HSE
LAND ROVER,RANGE ROVER EVOQUE,SI4 DYNAMIC
LAND ROVER,RANGE ROVER EVOQUE,SI4 DYNAMIC PLUS
LAND ROVER,RANGE ROVER EVOQUE,SI4 DYNAMIC PLUS COUPE
LAND ROVER,RANGE ROVER EVOQUE,SI4 PRESTIGE
LAND ROVER,RANGE ROVER EVOQUE,SI4 SE
LAND ROVER,RANGE ROVER EVOQUE,SD4 PRESTIGE
LAND ROVER,RANGE ROVER P400,NO_VARIANT
LAND ROVER,RANGE ROVER SPORT,HSE
LAND ROVER,RANGE ROVER SPORT,P400E HSE
LAND ROVER,RANGE ROVER SPORT,D300 DYNAMIC SE
LAND ROVER,RANGE ROVER SPORT,HSE DYNAMIC
LAND ROVER,RANGE ROVER SPORT,HST
LAND ROVER,RANGE ROVER SPORT,P400 HSE DYNAMIC AUTOBIOGRAPHY
LAND ROVER,RANGE ROVER SPORT,SDV6 AUTOBIOGRAPHY
LAND ROVER,RANGE ROVER SPORT,SDV6 HSE
LAND ROVER,RANGE ROVER SPORT,SDV6 HSE DYNAMIC
LAND ROVER,RANGE ROVER SPORT,V8 SUPERCHARGED
LAND ROVER,RANGE ROVER SPORT,SDV8 HSE DYNAMIC
LAND ROVER,RANGE ROVER SPORT,AUTOBIOGRAPHY
LAND ROVER,RANGE ROVER SPORT,SVR
LAND ROVER,RANGE ROVER SPORT,SUPERCHARGED AUTOBIOGRAPHY
LAND ROVER,RANGE ROVER SPORT,V8 HSE
LAND ROVER,RANGE ROVER SPORT (L461) P400 MHEV,NO_VARIANT
LAND ROVER,RANGE ROVER VELAR,D180
LAND ROVER,RANGE ROVER VELAR,D180 SE
LAND ROVER,RANGE ROVER VELAR,D240
LAND ROVER,RANGE ROVER VELAR,D240 R-DYNAMIC SE
LAND ROVER,RANGE ROVER VELAR,P250 DYNAMIC HSE L SPEC
LAND ROVER,RANGE ROVER VELAR,P250 DYNAMIC SE H SPEC
LAND ROVER,RANGE ROVER VELAR,P250 R-DYNAMIC
LAND ROVER,RANGE ROVER VELAR,P250 R-DYNAMIC HSE
LAND ROVER,RANGE ROVER VELAR,P250 R-DYNAMIC S
LAND ROVER,RANGE ROVER VELAR,P250 R-DYNAMIC SE
LAND ROVER,RANGE ROVER VELAR,P250 SE
LAND ROVER,RANGE ROVER VELAR,P300 R-DYNAMIC SE
LAND ROVER,RANGE ROVER VELAR,P300 R-DYNAMIC HSE
LAND ROVER,RANGE ROVER VELAR,D300 R-DYNAMIC
LAND ROVER,RANGE ROVER VELAR,D300 R-DYNAMIC HSE
LAND ROVER,RANGE ROVER VELAR,P380 R-DYNAMIC
LAND ROVER,RANGE ROVER VELAR,P380 R-DYNAMIC HSE
LAND ROVER,RANGE ROVER VOGUE,NO_VARIANT
LEAPMOTOR,C10,NO_VARIANT
LEXUS,CT200H,F SPORT
LEXUS,CT200H,LUXURY
LEXUS,ES250,LUXURY
LEXUS,ES250,F SPORT
LEXUS,ES250,PREMIUM
LEXUS,GS,NO_VARIANT
LEXUS,GS250,F SPORT
LEXUS,GS250,LUXURY
LEXUS,GS300,NO_VARIANT
LEXUS,IS,NO_VARIANT
LEXUS,IS200T,F SPORT
LEXUS,IS200T,LUXURY
LEXUS,IS250,F SPORT
LEXUS,IS250,LUXURY
LEXUS,IS300,F SPORT
LEXUS,IS300,LUXURY
LEXUS,LBX,PREMIUM
LEXUS,LBX,PREMIUM DUAL-TONE
LEXUS,LC,NO_VARIANT
LEXUS,LC500,NO_VARIANT
LEXUS,LEXUS,NO_VARIANT
LEXUS,LEXUS RX200T 2.0,NO_VARIANT
LEXUS,LS430,NO_VARIANT
LEXUS,LS460,SPORT
LEXUS,LS460L,NO_VARIANT
LEXUS,LS500,EXECUTIVE KIRIKO
LEXUS,LS500,LUXURY
LEXUS,LX,NO_VARIANT
LEXUS,LX450D,NO_VARIANT
LEXUS,LX470,NO_VARIANT
LEXUS,LX500D,F SPORT
LEXUS,LX570,F SPORT
LEXUS,LX600,EXECUTIVE
LEXUS,NX,NO_VARIANT
LEXUS,NX 350 F SPORT,NO_VARIANT
LEXUS,NX200T,PREMIUM
LEXUS,NX200T,F SPORT
LEXUS,NX200T,LUXURY
LEXUS,NX250,LUXURY
LEXUS,NX300,F SPORT
LEXUS,NX300,I PACKAGE
LEXUS,NX300,PREMIUM
LEXUS,NX300,URBAN
LEXUS,NX350,F SPORT
LEXUS,OTHER,NO_VARIANT
LEXUS,RC,NO_VARIANT
LEXUS,RC F,NO_VARIANT
LEXUS,RC200T,F SPORT
LEXUS,RC300,F SPORT
LEXUS,RX,NO_VARIANT
LEXUS,RX200T,F SPORT
LEXUS,RX200T,LUXURY
LEXUS,RX200T,PREMIUM
LEXUS,RX270,L
LEXUS,RX270,VERSION L
LEXUS,RX300,F SPORT
LEXUS,RX300,LUXURY
LEXUS,RX300,PREMIUM
LEXUS,RX300,SPECIAL EDITION
LEXUS,RX350,F SPORT
LEXUS,RX350,LUXURY
LEXUS,RX350,FWD
LEXUS,RX450H,NO_VARIANT
LEXUS,RX500H,F SPORT
LEXUS,RZ450E,NO_VARIANT
LEXUS,UX,NO_VARIANT
LEXUS,UX200,F SPORT
LEXUS,UX200,LUXURY
LEXUS,UX200,URBAN
LOTUS,ELETRE,R
LOTUS,EMIRA,FIRST EDITION
LOTUS,EXIGE,S
LOTUS,EXIGE,S FIXED ROOF
MASERATI,GHIBLI,GRANSPORT
MASERATI,GHIBLI,S
MASERATI,GHIBLI,S GRANSPORT
MASERATI,GRAN SPORT,NO_VARIANT
MASERATI,GRAN TURISMO,NO_VARIANT
MASERATI,GRANTURISMO,MC STRADALE
MASERATI,GRANTURISMO,S
MASERATI,GRANTURISMO,S MC SPORT LINE
MASERATI,GRANTURISMO,SPORT
MASERATI,LEVANTE,MODENA S
MASERATI,LEVANTE,S
MASERATI,LEVANTE,S GRANLUSSO
MASERATI,LEVANTE,S GRANSPORT
MASERATI,LEVANTE,VULCANO
MASERATI,QUATTROPORTE,S
MAXUS,G10,EXECUTIVE
MAXUS,G10,SE
MAXUS,G10,SUPREME
MAXUS,MIFA 9,LUXURY
MAXUS,MIFA 9,PREMIUM
MAXUS,T60,DUAL CAB
MAXUS,V80,PANEL LWB
MAXUS,V80,PANEL SWB
MAXUS,V80,WINDOW LWB
MAXUS,V80,WINDOW SWB
MAZDA,2,2.0 SEDAN (PRE-ORDER)
MAZDA,2,R
MAZDA,2,SKYACTIV-G
MAZDA,2,SKYACTIV-G GVC PLUS
MAZDA,2,SKYACTIV-G HIGH
MAZDA,2,SKYACTIV-G MID
MAZDA,2,SKYACTIV-G MID SPEC
MAZDA,2,V
MAZDA,2,VR
MAZDA,3,SKYACTIV-G
MAZDA,3,GL
MAZDA,3,SPORT ACTIVEMATIC & DIRECT
MAZDA,3,GLS
MAZDA,3,SKYACTIV-G GL
MAZDA,3,SKYACTIV-G HIGH
MAZDA,3,SKYACTIV-G HIGH PLUS
MAZDA,3,SKYACTIV-G IGNITE EDITION
MAZDA,3,MPS
MAZDA,5,SKYACTIV-G
MAZDA,6,SKYACTIV-G
MAZDA,6,SKYACTIV-G GVC
MAZDA,6,SKYACTIV-G GVC PLUS
MAZDA,6,SKYACTIV-G MID
MAZDA,6,SKYACTIV-D GVC PLUS
MAZDA,6,SKYACTIV-G HIGH PLUS
MAZDA,6,SKYACTIV-G TOURING
MAZDA,6,SKYACTIV-G TOURING HIGH
MAZDA,8,NO_VARIANT
MAZDA,BIANTE,SKYACTIV-G
MAZDA,BT-50,MID DUAL CAB
MAZDA,BT-50,MID SINGLE CAB
MAZDA,BT-50,DUAL CAB
MAZDA,BT-50,HIGH SPEC DUAL CAB
MAZDA,BT-50,MID SPEC DUAL CAB
MAZDA,BT-50,FULL SPEC DUAL CAB
MAZDA,BT50,NO_VARIANT
MAZDA,CX-3,SKYACTIV GVC
MAZDA,CX-3,SKYACTIV PLUS
MAZDA,CX-3,SKYACTIV
MAZDA,CX-3,SKYACTIV G-VECTORING
MAZDA,CX-3,SKYACTIV HIGH
MAZDA,CX-30,SKYACTIV-D HIGH
MAZDA,CX-30,2.0G 2WD CORE
MAZDA,CX-30,SKYACTIV-G
MAZDA,CX-30,SKYACTIV-G CORE
MAZDA,CX-30,SKYACTIV-G GVC PLUS
MAZDA,CX-30,SKYACTIV-G HIGH
MAZDA,CX-30,SKYACTIV-G HIGH SPEC
MAZDA,CX-30,SKYACTIV-G HIGH+
MAZDA,CX-30,SKYACTIV-G HIGH+ PREMIUM
MAZDA,CX-30,SKYACTIV-G IGNITE EDITION
MAZDA,CX-30,SKYACTIV-G POWERED TAILGATE
MAZDA,CX-5,SKYACTIV-G HIGH
MAZDA,CX-5,SKYACTIV-G
MAZDA,CX-5,SKYACTIV-G GL
MAZDA,CX-5,SKYACTIV-G GLS
MAZDA,CX-5,SKYACTIV-G HIGH SPEC
MAZDA,CX-5,SKYACTIV-G MID
MAZDA,CX-5,SKYACTIV-G MID SPEC
MAZDA,CX-5,SKYACTIV-D GLS
MAZDA,CX-5,SKYACTIV-D HIGH
MAZDA,CX-5,2.5G 4WD HIGH T/C
MAZDA,CX-5,HIGH T/C
MAZDA,CX-5,SKYACTIV-G GVC PLUS
MAZDA,CX-7,NO_VARIANT
MAZDA,CX-8,SKYACTIV-D
MAZDA,CX-8,SKYACTIV-D HIGH
MAZDA,CX-8,SKYACTIV-G HIGH
MAZDA,CX-8,SKYACTIV-G HIGH PLUS
MAZDA,CX-8,SKYACTIV-G MID
MAZDA,CX-8,SKYACTIV-G MID PLUS
MAZDA,CX-9,SKYACTIV-G
MAZDA,CX-9,SKYACTIV-G IGNITE EDITION
MAZDA,CX-9,GATE GEARSHIFT
MAZDA,MX-5,SKYACTIV
MAZDA,MX-5,SKYACTIV RF
MAZDA,PREMACY,NO_VARIANT
MAZDA,ROADSTER,S
MAZDA,ROADSTER RF,NO_VARIANT
MAZDA,RX-7,NO_VARIANT
MAZDA,RX-8,NO_VARIANT
MAZDA,RX7,NO_VARIANT
MAZDA,SAVANNA,NO_VARIANT
MCLAREN,570,NO_VARIANT
MCLAREN,570GT,NO_VARIANT
MCLAREN,570S,NO_VARIANT
MCLAREN,600LT,NO_VARIANT
MCLAREN,650S COUPE,NO_VARIANT
MCLAREN,675LT,NO_VARIANT
MCLAREN,720S,PERFORMANCE
MCLAREN,720S,SPIDER PERFORMANCE
MCLAREN,765LT,NO_VARIANT
MCLAREN,765LT SPIDER,NO_VARIANT
MCLAREN,GT,NO_VARIANT
MCLAREN,MP4-12C,NO_VARIANT
MCLAREN,OTHERS,NO_VARIANT
MCLAREN,SENNA,NO_VARIANT
MERCEDES-BENZ,A 180 AMG LINE AUTO,NO_VARIANT
MERCEDES-BENZ,A-CLASS,A180
MERCEDES-BENZ,A-CLASS,A200
MERCEDES-BENZ,A-CLASS,A250 E
MERCEDES-BENZ,A-CLASS,A170
MERCEDES-BENZ,A-CLASS,A250
MERCEDES-BENZ,A-CLASS,A35 AMG
MERCEDES-BENZ,A-CLASS,A45 AMG
MERCEDES-BENZ,A180,NO_VARIANT
MERCEDES-BENZ,A180AMG 1.6 TURBO NOT CHARGES SST,NO_VARIANT
MERCEDES-BENZ,A200,PROGRESSIVE LINE
MERCEDES-BENZ,A200,AMG LINE
MERCEDES-BENZ,A200 BLUEEFF,NO_VARIANT
MERCEDES-BENZ,A250,AMG LINE
MERCEDES-BENZ,A35,NO_VARIANT
MERCEDES-BENZ,A35 2.0 AMG,NO_VARIANT
MERCEDES-BENZ,A45,NO_VARIANT
MERCEDES-BENZ,A45S,NO_VARIANT
MERCEDES-BENZ,AMG,NO_VARIANT
MERCEDES-BENZ,AMG GT,AMG GT 43
MERCEDES-BENZ,AMG GT,AMG GT 53
MERCEDES-BENZ,AMG GT,AMG GT 63 S
MERCEDES-BENZ,AMG GT,BLACK SERIES
MERCEDES-BENZ,AMG GT,C
MERCEDES-BENZ,AMG GT,R
MERCEDES-BENZ,AMG GT,S
MERCEDES-BENZ,AMG GT,S EDITION 1
MERCEDES-BENZ,AMG GTS,NO_VARIANT
MERCEDES-BENZ,AMG PREMIUM,NO_VARIANT
MERCEDES-BENZ,B-CLASS,B180
MERCEDES-BENZ,B-CLASS,B200
MERCEDES-BENZ,B-CLASS,B170
MERCEDES-BENZ,B-CLASS,B200T
MERCEDES-BENZ,B200,SPORT TOURER
MERCEDES-BENZ,C-CLASS,C200
MERCEDES-BENZ,C-CLASS,C180
MERCEDES-BENZ,C-CLASS,C180K
MERCEDES-BENZ,C-CLASS,C180 CGI
MERCEDES-BENZ,C-CLASS,C200 CGI
MERCEDES-BENZ,C-CLASS,C200K
MERCEDES-BENZ,C-CLASS,C230
MERCEDES-BENZ,C-CLASS,C230K
MERCEDES-BENZ,C-CLASS,C250
MERCEDES-BENZ,C-CLASS,C250 CGI
MERCEDES-BENZ,C-CLASS,C300
MERCEDES-BENZ,C-CLASS,C350 E
MERCEDES-BENZ,C-CLASS,C43 AMG
MERCEDES-BENZ,C-CLASS,C32
MERCEDES-BENZ,C-CLASS,C63 AMG
MERCEDES-BENZ,C200,AVANTGARDE
MERCEDES-BENZ,C200,AMG
MERCEDES-BENZ,C250,CGI
MERCEDES-BENZ,C250,AMG
MERCEDES-BENZ,C300,NO_VARIANT
MERCEDES-BENZ,C300 COUPE,NO_VARIANT
MERCEDES-BENZ,CCLASS,NO_VARIANT
MERCEDES-BENZ,CL,NO_VARIANT
MERCEDES-BENZ,CL-CLASS,CL500
MERCEDES-BENZ,CLA,NO_VARIANT
MERCEDES-BENZ,CLA-CLASS,CLA180
MERCEDES-BENZ,CLA-CLASS,CLA200
MERCEDES-BENZ,CLA-CLASS,CLA220
MERCEDES-BENZ,CLA-CLASS,CLA250
MERCEDES-BENZ,CLA-CLASS,CLA35 AMG
MERCEDES-BENZ,CLA-CLASS,CLA45 AMG
MERCEDES-BENZ,CLA-CLASS,CLA220 CDI
MERCEDES-BENZ,CLA180,NO_VARIANT
MERCEDES-BENZ,CLA180 AMG,NO_VARIANT
MERCEDES-BENZ,CLA180AMG,NO_VARIANT
MERCEDES-BENZ,CLA200,NO_VARIANT
MERCEDES-BENZ,CLA250,NO_VARIANT
MERCEDES-BENZ,CLC,NO_VARIANT
MERCEDES-BENZ,CLC-CLASS,CLC180K
MERCEDES-BENZ,CLC-CLASS,CLC200K
MERCEDES-BENZ,CLK,NO_VARIANT
MERCEDES-BENZ,CLK-CLASS,CLK200K
MERCEDES-BENZ,CLK-CLASS,CLK240
MERCEDES-BENZ,CLS-CLASS,CLS350
MERCEDES-BENZ,CLS-CLASS,CLS350 CDI
MERCEDES-BENZ,CLS-CLASS,CLS450
MERCEDES-BENZ,CLS-CLASS,CLS53 AMG
MERCEDES-BENZ,CLS-CLASS,CLS63 AMG
MERCEDES-BENZ,CLS220D (C257),NO_VARIANT
MERCEDES-BENZ,CLS220S,NO_VARIANT
MERCEDES-BENZ,E-CLASS,E200
MERCEDES-BENZ,E-CLASS,E200 CGI
MERCEDES-BENZ,E-CLASS,E200K
MERCEDES-BENZ,E-CLASS,E250
MERCEDES-BENZ,E-CLASS,E250 CGI
MERCEDES-BENZ,E-CLASS,E300
MERCEDES-BENZ,E-CLASS,E350
MERCEDES-BENZ,E-CLASS,E350 E
MERCEDES-BENZ,E-CLASS,E220 CDI
MERCEDES-BENZ,E-CLASS,E250 CDI
MERCEDES-BENZ,E-CLASS,E230
MERCEDES-BENZ,E-CLASS,E240
MERCEDES-BENZ,E-CLASS,E280
MERCEDES-BENZ,E-CLASS,E400
MERCEDES-BENZ,E-CLASS,E43 AMG
MERCEDES-BENZ,E-CLASS,E53 AMG
MERCEDES-BENZ,E-CLASS,E350 CGI
MERCEDES-BENZ,E-CLASS,E63 AMG
MERCEDES-BENZ,E200,AVANTGARDE
MERCEDES-BENZ,E250,NO_VARIANT
MERCEDES-BENZ,E250 AMG,NO_VARIANT
MERCEDES-BENZ,E300,AMG LINE
MERCEDES-BENZ,E350E 2.0 (A),NO_VARIANT
MERCEDES-BENZ,E63,NO_VARIANT
MERCEDES-BENZ,EQ,EQA 250
MERCEDES-BENZ,EQ,EQB 350
MERCEDES-BENZ,EQ,EQC 400
MERCEDES-BENZ,EQ,EQE 350+
MERCEDES-BENZ,EQ,EQE 500
MERCEDES-BENZ,EQ,EQS 450+
MERCEDES-BENZ,EQ,EQS 500
MERCEDES-BENZ,EQ,EQS 53 AMG
MERCEDES-BENZ,EQ,EQS 580
MERCEDES-BENZ,EQ,EQV 300
MERCEDES-BENZ,EQC400,NO_VARIANT
MERCEDES-BENZ,EQE,NO_VARIANT
MERCEDES-BENZ,EQE350,NO_VARIANT
MERCEDES-BENZ,EQS,NO_VARIANT
MERCEDES-BENZ,G-CLASS,G240
MERCEDES-BENZ,G-CLASS,G63 AMG
MERCEDES-BENZ,G-CLASS,G350
MERCEDES-BENZ,G-CLASS,G400
MERCEDES-BENZ,G-CLASS,G55
MERCEDES-BENZ,G63,NO_VARIANT
MERCEDES-BENZ,GL-CLASS,NO_VARIANT
MERCEDES-BENZ,GLA,NO_VARIANT
MERCEDES-BENZ,GLA-CLASS,GLA180
MERCEDES-BENZ,GLA-CLASS,GLA200
MERCEDES-BENZ,GLA-CLASS,GLA220
MERCEDES-BENZ,GLA-CLASS,GLA250
MERCEDES-BENZ,GLA-CLASS,GLA35 AMG
MERCEDES-BENZ,GLA-CLASS,GLA45 AMG
MERCEDES-BENZ,GLA200,PROGRESSIVE LINE
MERCEDES-BENZ,GLA250,4MATIC AMG LINE
MERCEDES-BENZ,GLA250,AMG LINE
MERCEDES-BENZ,GLA45 AMG,NO_VARIANT
MERCEDES-BENZ,GLB,NO_VARIANT
MERCEDES-BENZ,GLB-CLASS,GLB200
MERCEDES-BENZ,GLB-CLASS,GLB250
MERCEDES-BENZ,GLB-CLASS,GLB35 AMG
MERCEDES-BENZ,GLC,NO_VARIANT
MERCEDES-BENZ,GLC 250,NO_VARIANT
MERCEDES-BENZ,GLC 43,NO_VARIANT
MERCEDES-BENZ,GLC-CLASS,GLC200
MERCEDES-BENZ,GLC-CLASS,GLC220
MERCEDES-BENZ,GLC-CLASS,GLC250
MERCEDES-BENZ,GLC-CLASS,GLC300
MERCEDES-BENZ,GLC-CLASS,GLC300 E
MERCEDES-BENZ,GLC-CLASS,GLC350 E
MERCEDES-BENZ,GLC-CLASS,GLC43 AMG
MERCEDES-BENZ,GLC-CLASS,GLC63 AMG
MERCEDES-BENZ,GLC200,EXCLUSIVE
MERCEDES-BENZ,GLC250,4MATIC AMG LINE
MERCEDES-BENZ,GLE,NO_VARIANT
MERCEDES-BENZ,GLE-CLASS,GLE250
MERCEDES-BENZ,GLE-CLASS,GLE400
MERCEDES-BENZ,GLE-CLASS,GLE350
MERCEDES-BENZ,GLE-CLASS,GLE43
MERCEDES-BENZ,GLE-CLASS,GLE450
MERCEDES-BENZ,GLE-CLASS,GLE53
MERCEDES-BENZ,GLE-CLASS,GLE63
MERCEDES-BENZ,GLE43 (W166) AMG 4MATIC,NO_VARIANT
MERCEDES-BENZ,GLK-CLASS,NO_VARIANT
MERCEDES-BENZ,GLS,NO_VARIANT
MERCEDES-BENZ,GLS-CLASS,GLS400
MERCEDES-BENZ,GLS-CLASS,GLS350
MERCEDES-BENZ,GLS-CLASS,GLS450
MERCEDES-BENZ,GLS600 MHEV,NO_VARIANT
MERCEDES-BENZ,ML-CLASS,ML250
MERCEDES-BENZ,ML-CLASS,ML350
MERCEDES-BENZ,NO GROUP,190E
MERCEDES-BENZ,NO GROUP,200
MERCEDES-BENZ,NO GROUP,GLC 220D
MERCEDES-BENZ,NO GROUP,SPRINTER
MERCEDES-BENZ,NO GROUP,230E
MERCEDES-BENZ,NO GROUP,230GE
MERCEDES-BENZ,NO GROUP,260E
MERCEDES-BENZ,NO GROUP,300CE
MERCEDES-BENZ,NO GROUP,300SEL
MERCEDES-BENZ,NO GROUP,300SL
MERCEDES-BENZ,NO GROUP,BRABUS
MERCEDES-BENZ,NO GROUP,380SLC
MERCEDES-BENZ,NO GROUP,500SL
MERCEDES-BENZ,OTR P AMERCEDES A180AMG LITE EDITION BLACKLIST CANLOAN,NO_VARIANT
MERCEDES-BENZ,R-CLASS,R280L
MERCEDES-BENZ,S-CLASS,S400L
MERCEDES-BENZ,S-CLASS,S280
MERCEDES-BENZ,S-CLASS,S300L
MERCEDES-BENZ,S-CLASS,S450L
MERCEDES-BENZ,S-CLASS,S500L
MERCEDES-BENZ,S-CLASS,S560 E
MERCEDES-BENZ,S-CLASS,S580 E
MERCEDES-BENZ,S-CLASS,S320L
MERCEDES-BENZ,S-CLASS,S350
MERCEDES-BENZ,S-CLASS,S350L
MERCEDES-BENZ,S-CLASS,S63 AMG
MERCEDES-BENZ,S63 AMG,NO_VARIANT
MERCEDES-BENZ,SL,NO_VARIANT
MERCEDES-BENZ,SL-CLASS,SL43 AMG
MERCEDES-BENZ,SL-CLASS,SL300
MERCEDES-BENZ,SL-CLASS,SL400
MERCEDES-BENZ,SL-CLASS,SL350
MERCEDES-BENZ,SL-CLASS,SL500
MERCEDES-BENZ,SL-CLASS,SL55
MERCEDES-BENZ,SLC,NO_VARIANT
MERCEDES-BENZ,SLC-CLASS,SLC180
MERCEDES-BENZ,SLC-CLASS,SLC200
MERCEDES-BENZ,SLC-CLASS,SLC300
MERCEDES-BENZ,SLC-CLASS,SLC43 AMG
MERCEDES-BENZ,SLK,NO_VARIANT
MERCEDES-BENZ,SLK-CLASS,SLK200
MERCEDES-BENZ,SLK-CLASS,SLK200K
MERCEDES-BENZ,SLK-CLASS,SLK250
MERCEDES-BENZ,SLK-CLASS,SLK230
MERCEDES-BENZ,SLK-CLASS,SLK280
MERCEDES-BENZ,SLS AMG,NO_VARIANT
MERCEDES-BENZ,V-CLASS,V220
MERCEDES-BENZ,V-CLASS,V300
MERCEDES-BENZ,V-CLASS,VITO
MERCEDES-BENZ,V-CLASS,VITO SENZATI
MERCEDES-BENZ,X,NO_VARIANT
MERCEDES-MAYBACH,GLS600,4MATIC
MERCEDES-MAYBACH,S580,4MATIC
MERCEDES-MAYBACH,S600,NO_VARIANT
MG,4,LUX
MG,4,LUX EXTENDED RANGE
MG,4,STANDARD
MG,4,XPOWER
MG,5,NO_VARIANT
MG,MAESTRO,NO_VARIANT
MG,MG4,NO_VARIANT
MG,MGB,NO_VARIANT
MG,ZS,EV
MG,ZS,EV SE
MINI,3 DOOR,COOPER SE
MINI,3 DOOR,COOPER SE P/SUNROOF W/O HUD
MINI,3 DOOR,COOPER SE RESOLUTE EDITION
MINI,3 DOOR,COOPER
MINI,3 DOOR,COOPER CHILI
MINI,3 DOOR,COOPER S
MINI,3 DOOR,COOPER S 60 YEARS EDITION
MINI,3 DOOR,COOPER S AMPLIFIED EDITION
MINI,3 DOOR,JOHN COOPER WORKS
MINI,3 DOOR,JOHN COOPER WORKS GP
MINI,5 DOOR,COOPER
MINI,5 DOOR,COOPER URBANITE EDITION
MINI,5 DOOR,VICTORIA
MINI,5 DOOR,COOPER S
MINI,5 DOOR,JOHN COOPER WORKS PRO EDITION
MINI,CLUBMAN,COOPER
MINI,CLUBMAN,COOPER S
MINI,CLUBMAN,COOPER S FINAL EDITION
MINI,CLUBMAN,COOPER S STERLING EDITION
MINI,CLUBMAN,COOPER SD
MINI,CLUBMAN,JOHN COOPER WORKS
MINI,CONVERTIBLE,COOPER S
MINI,CONVERTIBLE,COOPER S SEASIDE EDITION
MINI,CONVERTIBLE,JOHN COOPER WORKS
MINI,COOPER,S
MINI,COOPER,S BAYSWATER
MINI,COOPER,DBA-XMJCW
MINI,COOPER,JOHN COOPER WORK
MINI,COOPER S,NO_VARIANT
MINI,COOPER S 2.0 COUNTRYMAN YEAR MADE 2017 CBU BY TIAN SIANG PREMIUM AUTO FULL SERVICE 52K KM ONLY,NO_VARIANT
MINI,COUNTRYMAN,SE ALL4
MINI,COUNTRYMAN,COOPER
MINI,COUNTRYMAN,COOPER S E-HYBRID
MINI,COUNTRYMAN,COOPER S
MINI,COUNTRYMAN,COOPER S ALL4
MINI,COUNTRYMAN,COOPER S PARKLANE
MINI,COUNTRYMAN,JOHN COOPER WORKS
MINI,COUNTRYMAN,COOPER S BLACKHEATH EDITION
MINI,COUNTRYMAN,COOPER S JCW
MINI,COUNTRYMAN,COOPER S PURE
MINI,COUNTRYMAN,COOPER S SPORTS
MINI,COUNTRYMAN,COOPER S SPORTS BLACKLINE PACKAGE
MINI,COUNTRYMAN S 1.6,NO_VARIANT
MINI,COUPE,COOPER S
MINI,COUPE,JOHN COOPER WORKS
MINI,CROSSOVER,COOPER
MINI,CROSSOVER,JOHN COOPER WORKS
MINI,CROSSOVER 1.5,NO_VARIANT
MINI,JOHN COOPER WORKS,NO_VARIANT
MINI,MINI,NO_VARIANT
MINI,ONE,DBA-XR15M
MINI,PACEMAN,JOHN COOPER WORKS
MITSUBISHI,AIRTREK,NO_VARIANT
MITSUBISHI,ASX,ADVENTURE
MITSUBISHI,ASX,DESIGNER EDITION
MITSUBISHI,ASX,EURO
MITSUBISHI,ASX,GL
MITSUBISHI,ASX,ORANGE EDITION
MITSUBISHI,ASX,SPORTS EDITION
MITSUBISHI,ATTRAGE,SE
MITSUBISHI,COLT,NO_VARIANT
MITSUBISHI,EVO,NO_VARIANT
MITSUBISHI,FE83PG,NO_VARIANT
MITSUBISHI,FTO,NO_VARIANT
MITSUBISHI,FUSO,CANTER
MITSUBISHI,GRANDIS,NO_VARIANT
MITSUBISHI,GTO,NO_VARIANT
MITSUBISHI,L200,DUAL CAB
MITSUBISHI,LANCER,EVOLUTION VI GSR
MITSUBISHI,LANCER,EVOLUTION VII GT-A
MITSUBISHI,LANCER,EVOLUTION VIII
MITSUBISHI,LANCER,EVOLUTION X SST
MITSUBISHI,LANCER,GT
MITSUBISHI,LANCER,GT BODYKIT
MITSUBISHI,LANCER,GTE
MITSUBISHI,LANCER,SPORTBACK
MITSUBISHI,MIRAGE,GL
MITSUBISHI,MIRAGE,GS
MITSUBISHI,OUTLANDER,SPORTS EDITION
MITSUBISHI,PAJERO,IO
MITSUBISHI,PAJERO,EXCEED
MITSUBISHI,PAJERO,ADC-V98W
MITSUBISHI,PAJERO SPORT,GL
MITSUBISHI,PAJERO SPORT,GS
MITSUBISHI,PAJERO SPORT,VGT
MITSUBISHI,STORM,L200 GLS DUAL CAB
MITSUBISHI,TRITON,VGT DUAL CAB
MITSUBISHI,TRITON,ATHLETE DUAL CAB
MITSUBISHI,TRITON,GL DUAL CAB
MITSUBISHI,TRITON,PHANTOM PLUS DUAL CAB
MITSUBISHI,TRITON,PREMIUM DUAL CAB
MITSUBISHI,TRITON,SINGLE CAB
MITSUBISHI,TRITON,VGT
MITSUBISHI,TRITON,VGT ADVENTURE DUAL CAB
MITSUBISHI,TRITON,VGT ADVENTURE X DUAL CAB
MITSUBISHI,TRITON,VGT ADVENTURE X UPDATED SPEC DUAL CAB
MITSUBISHI,TRITON,VGT ATHLETE
MITSUBISHI,TRITON,VGT ATHLETE DUAL CAB
MITSUBISHI,TRITON,VGT GL DUAL CAB
MITSUBISHI,TRITON,VGT PREMIUM DUAL CAB
MITSUBISHI,TRITON,VGT PREMIUM UPDATED SPEC DUAL CAB
MITSUBISHI,TRITON,BOLD DUAL CAB
MITSUBISHI,TRITON,DUAL CAB
MITSUBISHI,TRITON,LITE DUAL CAB
MITSUBISHI,TRITON,QUEST DUAL CAB
MITSUBISHI,TRITON,STANDARD DUAL CAB
MITSUBISHI,TRITON,VGT EURO DUAL CAB
MITSUBISHI,TRITON,VGT GS DUAL CAB
MITSUBISHI,TRITON ADVENTURE X,NO_VARIANT
MITSUBISHI,XPANDER,PLUS
MITSUBISHI FUSO,3.9(M),NO_VARIANT
NAZA,CITRA,GLS
NAZA,CITRA,GS
NAZA,CITRA,RONDO EX
NAZA,FORTE,EX
NAZA,FORTE,SX
NAZA,PICANTO,EX
NAZA,RIA,GS
NAZA,SORENTO,EX
NAZA,SORENTO,NOVUS
NETA,V,NO_VARIANT
NETA,X,400 COMFORT
NISSAN,350Z,NO_VARIANT
NISSAN,370Z,NO_VARIANT
NISSAN,ALMERA,VL
NISSAN,ALMERA,VLP
NISSAN,ALMERA,VLT
NISSAN,ALMERA,E
NISSAN,ALMERA,1.5 VL A/T
NISSAN,ALMERA,E BLACK SERIES
NISSAN,ALMERA,E NISMO
NISSAN,ALMERA,V
NISSAN,ALMERA,VL BLACK SERIES
NISSAN,ALMERA,VL NISMO
NISSAN,ALMERA TURBO,NO_VARIANT
NISSAN,ATLAS,NO_VARIANT
NISSAN,C22,NO_VARIANT
NISSAN,CEFIRO,EXCIMO G
NISSAN,CUBE,RIDER AUTECH
NISSAN,DAYZ,HIGHWAY STAR
NISSAN,ELGRAND,HIGH-WAY STAR
NISSAN,ELGRAND,HIGH-WAY STAR URBAN CHROME
NISSAN,ELGRAND,HIGH-WAY STAR PREMIUM
NISSAN,FAIRLADY,NO_VARIANT
NISSAN,FAIRLADY Z,PROTO
NISSAN,FAIRLADY Z,VERSION ST
NISSAN,FAIRLADY Z,350
NISSAN,FRONTIER,GRAN ROAD DUAL CAB
NISSAN,FRONTIER,SPIRIT DUAL CAB
NISSAN,GK5,NO_VARIANT
NISSAN,GRAND LIVINA,COMFORT
NISSAN,GRAND LIVINA,IMPUL
NISSAN,GRAND LIVINA,LUXURY
NISSAN,GRAND LIVINA,ST-L COMFORT
NISSAN,GRAND LIVINA,AUTECH
NISSAN,GRAND LIVINA,CVTC COMFORT
NISSAN,GT-R,BLACK EDITION
NISSAN,GT-R,NISMO
NISSAN,GT-R,PREMIUM EDITION
NISSAN,GT-R,PRESTIGE
NISSAN,GT-R,PRESTIGE S-A
NISSAN,GT-R,PURE EDITION
NISSAN,GT-R,RECARO
NISSAN,GT-R,TRACK EDITION
NISSAN,GT-R,TRACK PACK
NISSAN,JUKE,NISMO RS
NISSAN,LATIO,ST
NISSAN,LATIO,ST-L SPORT
NISSAN,LATIO,COMFORT
NISSAN,LATIO,SPORT ST-L
NISSAN,LATIO,TI
NISSAN,LEAF,NO_VARIANT
NISSAN,LIVINA,NO_VARIANT
NISSAN,LIVINA X-GEAR,NO_VARIANT
NISSAN,MARCH,NO_VARIANT
NISSAN,MK252,NO_VARIANT
NISSAN,MK36,NO_VARIANT
NISSAN,MURANO,XL
NISSAN,NAVARA,CALIBRE DUAL CAB
NISSAN,NAVARA,DOUBLE CAB 2.5L SE A/T
NISSAN,NAVARA,DUAL CAB
NISSAN,NAVARA,KING CAB
NISSAN,NAVARA,LE DUAL CAB
NISSAN,NAVARA,LUTON SINGLE CAB
NISSAN,NAVARA,NP300 E DUAL CAB
NISSAN,NAVARA,NP300 SE BLACK SERIES DUAL CAB
NISSAN,NAVARA,NP300 SE DUAL CAB
NISSAN,NAVARA,NP300 SINGLE CAB
NISSAN,NAVARA,NP300 V BLACK SERIES DUAL CAB
NISSAN,NAVARA,NP300 V DUAL CAB
NISSAN,NAVARA,NP300 VL BLACK SERIES DUAL CAB
NISSAN,NAVARA,NP300 VL DUAL CAB
NISSAN,NAVARA,NP300 VL PLUS BLACK
NISSAN,NAVARA,NP300 VL PLUS BLACK SERIES DUAL CAB
NISSAN,NAVARA,NP300 VL PLUS DUAL CAB
NISSAN,NAVARA,PRO-4X DUAL CAB
NISSAN,NAVARA,PRO 4X
NISSAN,NAVARA,PRO-4X
NISSAN,NAVARA,SE DUAL CAB
NISSAN,NAVARA,SINGLE CAB
NISSAN,NAVARA,STANDARD DUAL CAB
NISSAN,NAVARA,V DUAL CAB
NISSAN,NAVARA,VL DUAL CAB
NISSAN,NAVARA,WOODEN BODY SINGLE CAB
NISSAN,NISSAN NV200 VANETTE,NO_VARIANT
NISSAN,NOTE,NISMO S
NISSAN,NV200,PANEL
NISSAN,NV200,SEMI PANEL
NISSAN,NV200,WINDOW
NISSAN,NV350 URVAN,NO_VARIANT
NISSAN,ROOX,HIGH-WAY STAR S-HYBRID
NISSAN,SENTRA,L
NISSAN,SENTRA,SG
NISSAN,SENTRA,SG-L
NISSAN,SENTRA,SPORT COMFORT
NISSAN,SENTRA,SPORT LUXURY
NISSAN,SERENA,COMFORT
NISSAN,SERENA,HIGH-WAY STAR
NISSAN,SERENA,S-HYBRID HWS PREMIUM
NISSAN,SERENA,S-HYBRID HIGH-WAY STAR
NISSAN,SERENA,S-HYBRID HIGH-WAY STAR BLACK PACKAGE
NISSAN,SERENA,S-HYBRID HIGH-WAY STAR IMPUL
NISSAN,SERENA,S-HYBRID HIGH-WAY STAR IMPUL J IMPUL
NISSAN,SERENA,S-HYBRID HIGH-WAY STAR IMPUL PREMIUM
NISSAN,SERENA,S-HYBRID HIGH-WAY STAR PREMIUM
NISSAN,SERENA,S-HYBRID HIGH-WAY STAR TWO-TONE COLOR
NISSAN,SK82,NO_VARIANT
NISSAN,SUNNY,NO_VARIANT
NISSAN,SYLPHY,E
NISSAN,SYLPHY,VL
NISSAN,SYLPHY,COMFORT
NISSAN,SYLPHY,LUXURY
NISSAN,SYLPHY,LUXURY NAVI
NISSAN,SYLPHY,XL COMFORT
NISSAN,SYLPHY,XL LUXURY
NISSAN,SYLPHY,XL LUXURY IMPUL
NISSAN,SYLPHY,XVT PREMIUM
NISSAN,SYLPHY,XVT PREMIUM IMPUL
NISSAN,TEANA,COMFORT
NISSAN,TEANA,XE
NISSAN,TEANA,XE LUXURY
NISSAN,TEANA,XL
NISSAN,TEANA,PREMIUM
NISSAN,TEANA,XV
NISSAN,UD,NO_VARIANT
NISSAN,URVAN,WINDOW
NISSAN,URVAN,PANEL
NISSAN,URVAN,SEMI -PANEL
NISSAN,VANETTE,PANEL
NISSAN,VANETTE,SEMI-PANEL
NISSAN,VANETTE,SEMI PANEL
NISSAN,VANETTE,STEEL BODY
NISSAN,VANETTE,WINDOW
NISSAN,X-GEAR,NO_VARIANT
NISSAN,X-TRAIL,MID X-TREMER
NISSAN,X-TRAIL,2.0L 2WD MID
NISSAN,X-TRAIL,AERO EDITION
NISSAN,X-TRAIL,COMFORT
NISSAN,X-TRAIL,HYBRID
NISSAN,X-TRAIL,HYBRID AERO EDITION
NISSAN,X-TRAIL,HYBRID IMPUL
NISSAN,X-TRAIL,HYBRID X-TREMER
NISSAN,X-TRAIL,IMPUL
NISSAN,X-TRAIL,IMPUL MID
NISSAN,X-TRAIL,LUXURY
NISSAN,X-TRAIL,MID
NISSAN,X-TRAIL,MID AERO EDITION
NISSAN,X-TRAIL,X-TREMER
NISSAN,X-TRAIL,4WD
NISSAN,X-TRAIL,4WD AERO EDITION
NISSAN,X-TRAIL,4WD X-TREMER
PERODUA,ALZA,AV
PERODUA,ALZA,ADVANCE
PERODUA,ALZA,EZ
PERODUA,ALZA,EZI
PERODUA,ALZA,H
PERODUA,ALZA,M2
PERODUA,ALZA,S
PERODUA,ALZA,SE
PERODUA,ALZA,SX
PERODUA,ALZA,SXI
PERODUA,ALZA,X
PERODUA,ARUZ,AV
PERODUA,ARUZ,X
PERODUA,ATIVA,AV
PERODUA,ATIVA,H
PERODUA,ATIVA,X
PERODUA,AXIA,AV
PERODUA,AXIA,ADVANCE
PERODUA,AXIA,E
PERODUA,AXIA,G
PERODUA,AXIA,GXTRA
PERODUA,AXIA,SE
PERODUA,AXIA,STYLE
PERODUA,AXIA,X
PERODUA,BEZZA,G
PERODUA,BEZZA,G STANDARD
PERODUA,BEZZA,GXTRA
PERODUA,BEZZA,ADVANCE
PERODUA,BEZZA,ADVANCE PREMIUM
PERODUA,BEZZA,X
PERODUA,BEZZA,X LIMITED EDITION
PERODUA,BEZZA,X PREMIUM
PERODUA,KANCIL,EZ
PERODUA,KANCIL,850
PERODUA,KANCIL,850 EX
PERODUA,KANCIL,850 EX FACELIFT
PERODUA,KANCIL,850 EZ
PERODUA,KANCIL,850 EZ FACELIFT
PERODUA,KELISA,EZ
PERODUA,KELISA,EZL
PERODUA,KELISA,GX
PERODUA,KELISA,GXL
PERODUA,KELISA,SE EZS
PERODUA,KEMBARA,EZ
PERODUA,KENARI,EZ
PERODUA,KENARI,EZ AERO
PERODUA,KENARI,EZ KASIH
PERODUA,KENARI,GX AERO
PERODUA,MYVI,SR
PERODUA,MYVI,AV
PERODUA,MYVI,EZ
PERODUA,MYVI,EZI
PERODUA,MYVI,ELEGANCE
PERODUA,MYVI,G
PERODUA,MYVI,G WITHOUT PSDA
PERODUA,MYVI,LIMITED EDITION
PERODUA,MYVI,SE
PERODUA,MYVI,SX
PERODUA,MYVI,SXI
PERODUA,MYVI,X
PERODUA,MYVI,10TH ANNIVERSARY
PERODUA,MYVI,ADVANCE
PERODUA,MYVI,EXTREME
PERODUA,MYVI,H
PERODUA,RUSA,GX
PERODUA,VIVA,EX
PERODUA,VIVA,EZ
PERODUA,VIVA,EZ ELITE
PERODUA,VIVA,EZL EXCLUSIVE ELITE
PERODUA,VIVA,EZI
PERODUA,VIVA,EZI ELITE
PERODUA,VIVA,S
PERODUA,VIVA,SX
PERODUA,VIVA,SX ELITE
PEUGEOT,2008,ALLURE
PEUGEOT,2008,PURETECH
PEUGEOT,2008,SE
PEUGEOT,2008,VTI
PEUGEOT,207,NO_VARIANT
PEUGEOT,208,PURETECH
PEUGEOT,208,ALLURE
PEUGEOT,208,GTI
PEUGEOT,208,S
PEUGEOT,3008,THP ACTIVE
PEUGEOT,3008,THP ALLURE
PEUGEOT,3008,THP PLUS ALLURE
PEUGEOT,308,CC
PEUGEOT,308,GRIFFE
PEUGEOT,308,THP
PEUGEOT,407,PREMIUM
PEUGEOT,408,ALLURE
PEUGEOT,408,GT
PEUGEOT,408,PREMIUM
PEUGEOT,408,E-THP
PEUGEOT,5008,ALLURE
PEUGEOT,5008,THP ALLURE
PEUGEOT,5008,THP PLUS ACTIVE
PEUGEOT,5008,THP PLUS ALLURE
PEUGEOT,508,PREMIUM
PEUGEOT,508,STANDARD
PEUGEOT,508,THP
PEUGEOT,508,GT
PEUGEOT,E-2008,GT
PEUGEOT,LANDTREK,DUAL CAB
PEUGEOT,RCZ,NO_VARIANT
PEUGEOT,TRAVELLER,STANDARD
PORSCHE,718,BOXSTER
PORSCHE,718,CAYMAN
PORSCHE,718,CAYMAN SPORTDESIGN
PORSCHE,718,BOXSTER GTS
PORSCHE,718,BOXSTER S
PORSCHE,718,CAYMAN GTS
PORSCHE,718,CAYMAN S
PORSCHE,718,CAYMAN GT4
PORSCHE,718,CAYMAN GT4 RS
PORSCHE,718,SPYDER
PORSCHE,911,CARRERA 4S
PORSCHE,911,CARRERA
PORSCHE,911,CARRERA 4 GTS
PORSCHE,911,CARRERA GTS
PORSCHE,911,CARRERA S
PORSCHE,911,CARRERA T
PORSCHE,911,TARGA 4 GTS
PORSCHE,911,TARGA 4S
PORSCHE,911,TARGA 4S HERITAGE DESIGN
PORSCHE,911,CARRERA 4
PORSCHE,911,GT2
PORSCHE,911,GT3
PORSCHE,911,TARGA 4
PORSCHE,911,TURBO
PORSCHE,911,TURBO S
PORSCHE,911,GT2 RS
PORSCHE,911,GT3 RS
PORSCHE,911,SPEEDSTER
PORSCHE,911 (992) CARRERA,NO_VARIANT
PORSCHE,911 CARRERA,NO_VARIANT
PORSCHE,911 GT3,NO_VARIANT
PORSCHE,991,NO_VARIANT
PORSCHE,997,NO_VARIANT
PORSCHE,BOXSTER,S
PORSCHE,CARRERA,NO_VARIANT
PORSCHE,CARRERA GT,NO_VARIANT
PORSCHE,CAYENNE,S HYBRID
PORSCHE,CAYENNE,S
PORSCHE,CAYENNE,DIESEL
PORSCHE,CAYENNE,GTS
PORSCHE,CAYENNE,PLATINUM EDITION
PORSCHE,CAYENNE,TURBO
PORSCHE,CAYENNE,TURBO GT
PORSCHE,CAYMAN,S
PORSCHE,CAYMAN,GT4
PORSCHE,CAYMAN S,NO_VARIANT
PORSCHE,MACAN,SPORTS DESIGN
PORSCHE,MACAN,S
PORSCHE,MACAN,GTS
PORSCHE,MACAN,TURBO
PORSCHE,MACAN,S DIESEL
PORSCHE,PANAMERA,4S
PORSCHE,PANAMERA,4S SPORTS TURISMO
PORSCHE,PANAMERA,4 SPORT TURISMO
PORSCHE,PANAMERA,S HYBRID
PORSCHE,PANAMERA,4
PORSCHE,PANAMERA,TURBO
PORSCHE,PANAMERA,S
PORSCHE,PANAMERA,TURBO S
PORSCHE,TARGA,NO_VARIANT
PORSCHE,TAYCAN,4 CROSS TURISMO
PORSCHE,TAYCAN,4S
PORSCHE,TAYCAN,4S CROSS TURISMO
PORSCHE,TAYCAN,GTS
PORSCHE,TAYCAN,TURBO
PORSCHE,TAYCAN,TURBO CROSS TURISMO
PORSCHE,TAYCAN,TURBO S
PORSCHE,TAYCAN 4S,NO_VARIANT
PROTON,2021 PROTON IRIZ 1.3 EXECUTIVE (A) FULL SERVICE RECORD UNDER WARRANTY 1 OWNER,NO_VARIANT
PROTON,ERTIGA,VVT EXECUTIVE
PROTON,ERTIGA,VVT PLUS EXECUTIVE
PROTON,ERTIGA,VVT XTRA EXECUTIVE
PROTON,ERTIGA,VVT XTRA PREMIUM
PROTON,EXORA,BOLD CFE PREMIUM
PROTON,EXORA,BOLD CFE STANDARD
PROTON,EXORA,BOLD CPS EXECUTIVE
PROTON,EXORA,BOLD CPS STANDARD
PROTON,EXORA,CPS B-LINE
PROTON,EXORA,CPS H-LINE
PROTON,EXORA,CPS M-LINE
PROTON,EXORA,CPS STANDARD
PROTON,EXORA,PRIME CFE PREMIUM
PROTON,EXORA,TURBO BLACK EDITION
PROTON,EXORA,TURBO EXECUTIVE
PROTON,EXORA,TURBO EXECUTIVE PLUS
PROTON,EXORA,TURBO PREMIUM
PROTON,EXORA,TURBO SP SUPER PREMIUM
PROTON,GEN-2,CPS MED-LINE
PROTON,INSPIRA,EXECUTIVE
PROTON,INSPIRA,PREMIUM
PROTON,INSPIRA,SUPER PREMIUM
PROTON,IRIZ,EXECUTIVE
PROTON,IRIZ,LIMITED EDITION EXECUTIVE
PROTON,IRIZ,STANDARD
PROTON,IRIZ,ACTIVE
PROTON,IRIZ,PREMIUM
PROTON,IRIZ,R3
PROTON,ISWARA,S A/B LMST
PROTON,PERDANA,E
PROTON,PERDANA,V6
PROTON,PERDANA,V6 ENHANCED
PROTON,PERDANA,V6 EXECUTIVE
PROTON,PERDANA,EXECUTIVE
PROTON,PERDANA,P
PROTON,PERSONA,PREMIUM
PROTON,PERSONA,BASE LINE
PROTON,PERSONA,ELEGANCE BASE LINE
PROTON,PERSONA,ELEGANCE HIGH LINE
PROTON,PERSONA,ELEGANCE MEDIUM LINE
PROTON,PERSONA,ELEGANCE STANDARD
PROTON,PERSONA,EXECUTIVE
PROTON,PERSONA,H-LINE
PROTON,PERSONA,MEDIUM LINE
PROTON,PERSONA,SE
PROTON,PERSONA,SV
PROTON,PERSONA,STANDARD
PROTON,PREVE,CFE EXECUTIVE
PROTON,PREVE,CFE LIMITED EDITION
PROTON,PREVE,CFE PREMIUM
PROTON,PREVE,EXECUTIVE
PROTON,PUTRA,NO_VARIANT
PROTON,S70,EXECUTIVE
PROTON,S70,FLAGSHIP
PROTON,S70,FLAGSHIP X
PROTON,S70,PREMIUM
PROTON,SAGA,STANDARD
PROTON,SAGA,ANNIVERSARY EDITION
PROTON,SAGA,BLM B-LINE
PROTON,SAGA,BLM BASELINE
PROTON,SAGA,BLM H-LINE
PROTON,SAGA,BLM M-LINE
PROTON,SAGA,EDISI 25 TAHUN
PROTON,SAGA,EXECUTIVE
PROTON,SAGA,FL EXECUTIVE
PROTON,SAGA,FL STANDARD
PROTON,SAGA,FLX EXECUTIVE
PROTON,SAGA,FLX PLUS
PROTON,SAGA,FLX STANDARD
PROTON,SAGA,PREMIUM
PROTON,SAGA,PREMIUM S
PROTON,SAGA,R3
PROTON,SAGA,SE
PROTON,SAGA,SV
PROTON,SAGA,STANDARD LITE
PROTON,SAGA,FLX SE
PROTON,SAGA,N/LINE
PROTON,SAGA ISWARA,S
PROTON,SATRIA,GLI
PROTON,SATRIA,NEO
PROTON,SATRIA,NEO CPS H-LINE
PROTON,SATRIA,NEO H-LINE
PROTON,SATRIA,NEO LITE
PROTON,SATRIA,NEO M-LINE
PROTON,SATRIA,NEO R3 EXECUTIVE
PROTON,SATRIA,NEO R3 LOTUS RACING CPS
PROTON,SATRIA NEO,NO_VARIANT
PROTON,SUPRIMA S,TURBO EXECUTIVE
PROTON,SUPRIMA S,TURBO PREMIUM
PROTON,SUPRIMA S,TURBO STANDARD
PROTON,SUPRIMA S,TURBO SUPER PREMIUM
PROTON,WAJA,CPS PREMIUM
PROTON,WAJA,PREMIUM
PROTON,WIRA,GLI
PROTON,WIRA,GLI SE
PROTON,WIRA,SE
PROTON,WIRA,XLI
PROTON,WIRA,EXI
PROTON,X50,EXECUTIVE
PROTON,X50,PREMIUM
PROTON,X50,STANDARD
PROTON,X50,TGDI FLAGSHIP
PROTON,X70,TGDI EXECUTIVE
PROTON,X70,TGDI PREMIUM
PROTON,X70,TGDI PREMIUM X
PROTON,X70,TGDI STANDARD
PROTON,X70,TGDI SE
PROTON,X90,FLAGSHIP
PROTON,X90,EXECUTIVE
PROTON,X90,PREMIUM
PROTON,X90,STANDARD
RENAULT,CAPTUR,+ SPECIAL EDITION
RENAULT,CAPTUR,TCE 120
RENAULT,CAPTUR,TCE TROPHY
RENAULT,CLIO,GT LINE
RENAULT,CLIO,RS200 EDC
RENAULT,FLUENCE,DYNAMIQUE
RENAULT,KANGOO,EXPRESS
RENAULT,KOLEOS,SIGNATURE
RENAULT,KOLEOS,SIGNATURE PLUS
RENAULT,MEGANE,RS 280 CUP
RENAULT,MEGANE,RS 300 TROPHY EDC
RENAULT,MEGANE,RS 250 CUP
RENAULT,MEGANE,RS 250 CUP SPECIAL EDITION
RENAULT,MEGANE,RS 265 CUP
RENAULT,MEGANE,RS 265 SPORT
ROLLS-ROYCE,CULLINAN,BLACK BADGE
ROLLS-ROYCE,DAWN,BLACK BADGE
ROLLS-ROYCE,GHOST,EXTENDED WHEELBASE
ROLLS-ROYCE,GHOST,BLACK BADGE
ROLLS-ROYCE,GHOST,EWB
ROLLS-ROYCE,GHOST,ZENITH EDITION EXTENDED WHEELBASE
ROLLS-ROYCE,OTHER,NO_VARIANT
ROLLS-ROYCE,PHANTOM,NO_VARIANT
ROLLS-ROYCE,WRAITH,BLACK BADGE
ROLLS-ROYCE,WRAITH STARLIGHT,NO_VARIANT
ROLLS-ROYCE,WRAITH V12,NO_VARIANT
ROVER,RANGE ROVER,EVOQUE CBA-LV2A (A)
SHENYANG BRILLIANCE,ERA JINBEI,WINDOW
SHENYANG BRILLIANCE,ERA JINBEI,WINDOW FABRIC
SKODA,OCTAVIA,NO_VARIANT
SMART,#1,BRABUS
SMART,FORFOUR,NO_VARIANT
SMART,FORTWO,PASSION
SMART,FORTWO,PULSE
SMART,ROADSTER,NO_VARIANT
SSANGYONG,STAVIC,SV270 XDI
SUBARU,BRZ,S
SUBARU,FORESTER,GT EDITION EYESIGHT
SUBARU,FORESTER,L
SUBARU,FORESTER,L EYESIGHT
SUBARU,FORESTER,P
SUBARU,FORESTER,S
SUBARU,FORESTER,S EYESIGHT
SUBARU,FORESTER,STI PERFORMANCE
SUBARU,FORESTER,X
SUBARU,FORESTER,XT
SUBARU,IMPREZA,WRX
SUBARU,IMPREZA,WRX STI S204
SUBARU,IMPREZA,WRX STI
SUBARU,LEGACY,GT
SUBARU,LEVORG,GT-S
SUBARU,LEVORG,STI SPORT EX
SUBARU,LEVORG,STI SPORT
SUBARU,OTR PREMIUM  2.0AUTO,NO_VARIANT
SUBARU,WRX,S4 STI
SUBARU,WRX,EYESIGHT
SUBARU,WRX STI,PERFORMANCE
SUBARU,XV,CROSSTREK
SUBARU,XV,GT EDITION
SUBARU,XV,GT EDITION EYESIGHT
SUBARU,XV,P
SUBARU,XV,P CROSSTREK
SUBARU,XV,P EYESIGHT
SUBARU,XV,PREMIUM
SUBARU,XV,STI PERFORMANCE
SUBARU,XV,SPORT
SUBARU,XV,I-P EYESIGHT GT EDITION
SUZUKI,ALTO,GLX
SUZUKI,ALTO,GXS
SUZUKI,DA63,NO_VARIANT
SUZUKI,DB52,(RB/BK MOD)
SUZUKI,GEAR SPACIA,NO_VARIANT
SUZUKI,GRAND VITARA,PREMIER
SUZUKI,GRAND VITARA,SE
SUZUKI,HUSTLER,HYBRID
SUZUKI,JIMNY,XC
SUZUKI,JIMNY,JLX
SUZUKI,JIMNY,SUZUKI JIMNY
SUZUKI,JIMNY,ALLGRIP PRO
SUZUKI,JIMNY,ALLGRIP PRO RHINO EDITION
SUZUKI,JIMNY SIERRA,JC PACKAGE
SUZUKI,JIMNY SIERRA,WALD BLACK BISON
SUZUKI,KIZASHI,NO_VARIANT
SUZUKI,OTHER,NO_VARIANT
SUZUKI,SIERRA JC,NO_VARIANT
SUZUKI,SWIFT,GL
SUZUKI,SWIFT,GLX
SUZUKI,SWIFT,GLX-S
SUZUKI,SWIFT,RR2
SUZUKI,SWIFT,SPORT
SUZUKI,SWIFT,GX
SUZUKI,SWIFT,GXS
SUZUKI,SWIFT,PREMIER
SUZUKI,SWIFT,SPORT PREMIER
SUZUKI,SX4,FACELIFT
SUZUKI,SX4,PREMIER
SUZUKI,VITARA,NO_VARIANT
TESLA,MODEL 3,LONG RANGE
TESLA,MODEL 3,LONG RANGE HK
TESLA,MODEL 3,STANDARD RANGE
TESLA,MODEL S,NO_VARIANT
TESLA,MODEL X,P100D
TESLA,MODEL Y,NO_VARIANT
TOYOTA,2.4 AERAS G OTR PRICE BLACKLIST CAN LOAN,NO_VARIANT
TOYOTA,86,GT
TOYOTA,86,GT LIMITED
TOYOTA,86,GT TRD
TOYOTA,ALPHARD,G S C PACKAGE
TOYOTA,ALPHARD,EXECUTIVE LOUNGE
TOYOTA,ALPHARD,G
TOYOTA,ALPHARD,G 240G
TOYOTA,ALPHARD,G 240S
TOYOTA,ALPHARD,G 240S GOLD
TOYOTA,ALPHARD,G 240S PRIME SELECTION
TOYOTA,ALPHARD,G 240X
TOYOTA,ALPHARD,S
TOYOTA,ALPHARD,SC
TOYOTA,ALPHARD,V
TOYOTA,ALPHARD,2.5 S
TOYOTA,ALPHARD,DBA-AGH30W
TOYOTA,ALPHARD,G EXEC. BLACK EDITION
TOYOTA,ALPHARD,G S
TOYOTA,ALPHARD,G S WHEEL CHAIR
TOYOTA,ALPHARD,G SA
TOYOTA,ALPHARD,G SA GOLDEN EYES
TOYOTA,ALPHARD,G X
TOYOTA,ALPHARD,X
TOYOTA,ALPHARD,Z
TOYOTA,ALPHARD,G 1MZ-FE
TOYOTA,ALPHARD,EXECUTIVE LOUNGE S
TOYOTA,ALPHARD,G 350G
TOYOTA,ALPHARD,G 350G L PACKAGE
TOYOTA,ALPHARD,G 350G PREMIUM
TOYOTA,ALPHARD,G 350S
TOYOTA,ALPHARD,G 350S PRIME SELECTION
TOYOTA,ALPHARD,G EXECUTIVE LOUNGE
TOYOTA,ALTEZZA,RS200
TOYOTA,ALTIS,NO_VARIANT
TOYOTA,AVANZA,1.3 E
TOYOTA,AVANZA,1.3E
TOYOTA,AVANZA,E
TOYOTA,AVANZA,G
TOYOTA,AVANZA,S
TOYOTA,AVANZA,S+
TOYOTA,BB,NO_VARIANT
TOYOTA,C-HR,GT
TOYOTA,C-HR,GT MODELLISTA
TOYOTA,C-HR,ST
TOYOTA,C-HR,HYBRID GR SPORT
TOYOTA,CALDINA,GT-FOUR
TOYOTA,CALDINA,ZT
TOYOTA,CAMROAD,MOTORHOME
TOYOTA,CAMRY,V
TOYOTA,CAMRY,E
TOYOTA,CAMRY,G
TOYOTA,CAMRY,G VSC TRC
TOYOTA,CAMRY,G X
TOYOTA,CAMRY,GX
TOYOTA,CAMRY,HYBRID
TOYOTA,CAMRY,HYBRID LUXURY
TOYOTA,CAMRY,HYBRID PREMIUM
TOYOTA,CELICA,NO_VARIANT
TOYOTA,CENTURY,NO_VARIANT
TOYOTA,COLLOLA CROSS,NO_VARIANT
TOYOTA,COPEN,NO_VARIANT
TOYOTA,COROLLA,SEG
TOYOTA,COROLLA ALTIS,G
TOYOTA,COROLLA ALTIS,E
TOYOTA,COROLLA ALTIS,E SPORTY
TOYOTA,COROLLA ALTIS,GR SPORT
TOYOTA,COROLLA ALTIS,V
TOYOTA,COROLLA CROSS,G
TOYOTA,COROLLA CROSS,GR SPORT
TOYOTA,COROLLA CROSS,HYBRID
TOYOTA,COROLLA CROSS,V
TOYOTA,COROLLA SPORT,G Z
TOYOTA,CROWN,RS ADVANCED
TOYOTA,CROWN,ATHLETE
TOYOTA,CROWN,G ADVANCED
TOYOTA,DYNA,2466
TOYOTA,ESQUIRE,GI
TOYOTA,ESTIMA,AERAS
TOYOTA,ESTIMA,2.4 AERAS
TOYOTA,ESTIMA,AERAS MPV (4WD)
TOYOTA,ESTIMA,AERAS MODELLISTA AERO KIT
TOYOTA,ESTIMA,AERAS PREMIUM
TOYOTA,ESTIMA,AERAS SMART
TOYOTA,ESTIMA,G
TOYOTA,ESTIMA,G HYBRID
TOYOTA,ESTIMA,HYBRID
TOYOTA,ESTIMA,SUPER CHARGER
TOYOTA,ESTIMA,X
TOYOTA,ESTIMA 2.4  AERAS G OTR PRICE,NO_VARIANT
TOYOTA,FJ CRUISER,NO_VARIANT
TOYOTA,FORTUNER,VRZ
TOYOTA,FORTUNER,G
TOYOTA,FORTUNER,G TRD SPORTIVO
TOYOTA,FORTUNER,G TRD SPORTIVO VNT
TOYOTA,FORTUNER,G VNT
TOYOTA,FORTUNER,SRZ
TOYOTA,FORTUNER,V
TOYOTA,FORTUNER,V TRD SPORTIVO
TOYOTA,G86,NO_VARIANT
TOYOTA,GR 86,NO_VARIANT
TOYOTA,GR COROLLA,NO_VARIANT
TOYOTA,GR CORROLA,NO_VARIANT
TOYOTA,GR SUPRA,SZ
TOYOTA,GR SUPRA,SZ-R
TOYOTA,GR SUPRA,388 PS
TOYOTA,GR SUPRA,RZ
TOYOTA,GR YARIS,PERFORMANCE PACK
TOYOTA,GR YARIS,GRMN
TOYOTA,GR86,RZ
TOYOTA,GR86,SZ
TOYOTA,GR86 RZ 2.4 MANUAL TRANSMISSION,NO_VARIANT
TOYOTA,GRANACE,G
TOYOTA,GRANACE,PREMIUM
TOYOTA,GT86,NO_VARIANT
TOYOTA,HARRIER,ELEGANCE
TOYOTA,HARRIER,G
TOYOTA,HARRIER,GR
TOYOTA,HARRIER,GR SPORT
TOYOTA,HARRIER,GS
TOYOTA,HARRIER,LUXURY
TOYOTA,HARRIER,LUXURY SE
TOYOTA,HARRIER,PREMIUM
TOYOTA,HARRIER,PREMIUM ADVANCED
TOYOTA,HARRIER,PREMIUM MODELLISTA
TOYOTA,HARRIER,S
TOYOTA,HARRIER,Z
TOYOTA,HARRIER,240G
TOYOTA,HARRIER,240G PREMIUM L
TOYOTA,HARRIER,300G
TOYOTA,HARRIER,300G PREMIUM L
TOYOTA,HARRIER,350G
TOYOTA,HARRIER ELEGANCE 2.0 NEW SPEC,NO_VARIANT
TOYOTA,HIACE,WINDOW
TOYOTA,HIACE,WINDOW VAN
TOYOTA,HIACE,PANEL
TOYOTA,HIACE,SEMI PANEL
TOYOTA,HIACE,SLWB WINDOW
TOYOTA,HILUX,DUAL CAB
TOYOTA,HILUX,E DUAL CAB
TOYOTA,HILUX,G DUAL CAB
TOYOTA,HILUX,G STANDARD DUAL CAB
TOYOTA,HILUX,L-EDITION DUAL CAB
TOYOTA,HILUX,LE 4X4
TOYOTA,HILUX,LIMITED G DUAL CAB
TOYOTA,HILUX,SINGLE CAB
TOYOTA,HILUX,V DUAL CAB
TOYOTA,HILUX,DOUBLE CAB
TOYOTA,HILUX,G TRD SPORTIVO VNT DUAL CAB
TOYOTA,HILUX,G VNT DUAL CAB
TOYOTA,HILUX,SR TURBO DUAL CAB
TOYOTA,HILUX,VNT DUAL CAB
TOYOTA,HILUX,VNT SINGLE CAB
TOYOTA,HILUX,BLACK EDITION DUAL CAB
TOYOTA,HILUX,GR SPORT 204 PS DUAL CAB
TOYOTA,HILUX,GR SPORT DUAL CAB
TOYOTA,HILUX,ROGUE DUAL CAB
TOYOTA,INNOVA,G
TOYOTA,INNOVA,E
TOYOTA,INNOVA,X
TOYOTA,INNOVA ZENIX,V
TOYOTA,INNOVA ZENIX,V HYBRID
TOYOTA,IPSUM,NO_VARIANT
TOYOTA,KDY,NO_VARIANT
TOYOTA,KDY230,NO_VARIANT
TOYOTA,LAND CRUISER,ZX MODELLISTA
TOYOTA,LAND CRUISER,PRADO
TOYOTA,LAND CRUISER,GR SPORT
TOYOTA,LAND CRUISER,ZX
TOYOTA,LAND CRUISER,VX
TOYOTA,LAND CRUISER,VX MODELLISTA
TOYOTA,LAND CRUISER,200 V8
TOYOTA,LAND CRUISER,AX
TOYOTA,LAND CRUISER,AX G
TOYOTA,LAND CRUISER,V8 D-4D
TOYOTA,LAND CRUISER,XZ V8
TOYOTA,LAND CRUISER CYGNUS,NO_VARIANT
TOYOTA,LAND CRUISER II,NO_VARIANT
TOYOTA,LAND CRUISER PRADO,GX
TOYOTA,LAND CRUISER PRADO,TX
TOYOTA,LAND CRUISER PRADO,TX L
TOYOTA,LAND CRUISER PRADO,TX BLACK EDITION
TOYOTA,LAND CRUISER PRADO,TZ G
TOYOTA,LY211,RB/RA-MOD/K/25
TOYOTA,MARK X,250G
TOYOTA,MARK X,250G S PACKAGE
TOYOTA,MARK X,250S
TOYOTA,MARK X,GS
TOYOTA,MARK X,RDS
TOYOTA,MR-S,NO_VARIANT
TOYOTA,MR2,GTI
TOYOTA,MRS,NO_VARIANT
TOYOTA,NOAH,S-Z
TOYOTA,NOAH,SI GR SPORT
TOYOTA,NOAH,SI WXB
TOYOTA,NOAH,X
TOYOTA,NOAH,X WELCAB
TOYOTA,OTR PRICE,NO_VARIANT
TOYOTA,OTR PRICE ALPHARD SUNROOF,NO_VARIANT
TOYOTA,PRADO,NO_VARIANT
TOYOTA,PREVIA,GL
TOYOTA,PRIUS,HYBRID LUXURY
TOYOTA,PRIUS,HYBRID
TOYOTA,PRIUS,HEV Z
TOYOTA,PRIUS C,HYBRID
TOYOTA,PRIUS C,HYBRID TRD SPORTIVO
TOYOTA,RAV4,NO_VARIANT
TOYOTA,ROOMY,CUSTOM G-T
TOYOTA,RUSH,G
TOYOTA,RUSH,S
TOYOTA,SERA,NO_VARIANT
TOYOTA,SIENTA,G
TOYOTA,SIENTA,V
TOYOTA,SUPRA,SZ 3BA-DB82
TOYOTA,SUPRA,RZ
TOYOTA,TANK,CUSTOM GT
TOYOTA,TANK,GT
TOYOTA,UNSER,LGX
TOYOTA,VELLFIRE,Z G EDITION
TOYOTA,VELLFIRE,GOLDEN EYE
TOYOTA,VELLFIRE,V
TOYOTA,VELLFIRE,X
TOYOTA,VELLFIRE,Z
TOYOTA,VELLFIRE,Z GS
TOYOTA,VELLFIRE,Z GOLDEN EYES
TOYOTA,VELLFIRE,Z PLATINUM
TOYOTA,VELLFIRE,Z PREMIER
TOYOTA,VELLFIRE,ZG EDITION
TOYOTA,VELLFIRE,HYBRID VL
TOYOTA,VELLFIRE,Z A EDITION
TOYOTA,VELLFIRE,Z ADMIRATION
TOYOTA,VELLFIRE,EXECUTIVE LOUNGE
TOYOTA,VELLFIRE,EXECUTIVE LOUNGE Z
TOYOTA,VELLFIRE,ROYAL LOUNGE SP
TOYOTA,VELLFIRE,V L EDITION
TOYOTA,VELLFIRE,VL
TOYOTA,VELLFIRE,Z MODELLISTA G EDITION
TOYOTA,VELLFIRE,ZA G EDITION
TOYOTA,VELLFIRE,ZG
TOYOTA,VELOZ,NO_VARIANT
TOYOTA,VIOS,E
TOYOTA,VIOS,G
TOYOTA,VIOS,G LIMITED
TOYOTA,VIOS,GR-S
TOYOTA,VIOS,GX
TOYOTA,VIOS,J
TOYOTA,VIOS,S
TOYOTA,VIOS,SPORTS EDITION
TOYOTA,VIOS,TRD SPORTIVO
TOYOTA,VOXY,ZS KIRAMEKI EDITION
TOYOTA,VOXY,GS
TOYOTA,VOXY,KIRAMEKI
TOYOTA,VOXY,S-Z
TOYOTA,VOXY,X
TOYOTA,VOXY,ZS
TOYOTA,VOXY,ZS GR SPORT
TOYOTA,VOXY,ZS KIRAMEKI II EDITION
TOYOTA,VOXY X 2.0 AT UNREGISTERED 5YEAR WARRANTY,NO_VARIANT
TOYOTA,WISH,S
TOYOTA,WISH,G
TOYOTA,WISH,TYPE E
TOYOTA,WISH,TYPE S
TOYOTA,WISH,X
TOYOTA,WISH,Z
TOYOTA,YARIS,E
TOYOTA,YARIS,G
TOYOTA,YARIS,G LIMITED
TOYOTA,YARIS,J
TOYOTA,YARIS,S SPORTY
TOYOTA,YARIS CROSS,Z
VOLKSWAGEN,ARTEON,R-LINE 4MOTION FASTBACK
VOLKSWAGEN,ARTEON,R-LINE 4MOTION FASTBACK IQ.DRIVE
VOLKSWAGEN,ARTEON,R-LINE FASTBACK
VOLKSWAGEN,BEETLE,TSI
VOLKSWAGEN,BEETLE,TSI BUG
VOLKSWAGEN,BEETLE,TSI DESIGN
VOLKSWAGEN,BEETLE,TSI SPORT
VOLKSWAGEN,CC,COMFORT
VOLKSWAGEN,CC,SPORT
VOLKSWAGEN,CROSS POLO,NO_VARIANT
VOLKSWAGEN,CROSS TOURAN,NO_VARIANT
VOLKSWAGEN,EOS,TSI
VOLKSWAGEN,GOLF,280 TSI R-LINE SOUND STYLE
VOLKSWAGEN,GOLF,280 TSI R-LINE
VOLKSWAGEN,GOLF,COMFORTLINE
VOLKSWAGEN,GOLF,HIGHLINE
VOLKSWAGEN,GOLF,LIGHT&SOUND PACKAGE
VOLKSWAGEN,GOLF,R-LINE
VOLKSWAGEN,GOLF,ETSI R-LINE
VOLKSWAGEN,GOLF,GTI
VOLKSWAGEN,GOLF,GTI ADVANCED
VOLKSWAGEN,GOLF,GTI EDITION 50 OETTINGER IQ.DRIVE
VOLKSWAGEN,GOLF,GTI IQ.DRIVE
VOLKSWAGEN,GOLF,GTI PURE
VOLKSWAGEN,GOLF,R
VOLKSWAGEN,GOLF,R TECH PACK
VOLKSWAGEN,GOLF,R32
VOLKSWAGEN,GOLF R,NO_VARIANT
VOLKSWAGEN,ID BUZZ,NO_VARIANT
VOLKSWAGEN,ID. BUZZ,STYLE
VOLKSWAGEN,JETTA,280 TSI COMFORTLINE
VOLKSWAGEN,JETTA,280 TSI HIGHLINE
VOLKSWAGEN,JETTA,280 TSI TRENDLINE
VOLKSWAGEN,JETTA,TSI
VOLKSWAGEN,JETTA,TSI CLUB EDITION
VOLKSWAGEN,JETTA,TSI SPORT EDITION
VOLKSWAGEN,PASSAT,280 TSI COMFORTLINE
VOLKSWAGEN,PASSAT,280 TSI COMFORTLINE PLUS
VOLKSWAGEN,PASSAT,280 TSI SOUND STYLE COMFORTLINE
VOLKSWAGEN,PASSAT,280 TSI TRENDLINE
VOLKSWAGEN,PASSAT,280 TSI TRENDLINE PLUS
VOLKSWAGEN,PASSAT,TSI
VOLKSWAGEN,PASSAT,TSI SPORT
VOLKSWAGEN,PASSAT,380 TSI HIGHLINE
VOLKSWAGEN,PASSAT,380 TSI SOUND STYLE HIGHLINE
VOLKSWAGEN,PASSAT,CC TSI
VOLKSWAGEN,PASSAT,CC TSI COMFORTLINE
VOLKSWAGEN,PASSAT,ELEGANCE
VOLKSWAGEN,PASSAT,FSI
VOLKSWAGEN,PASSAT,R-LINE
VOLKSWAGEN,POLO,TSI
VOLKSWAGEN,POLO,TSI SPORT
VOLKSWAGEN,POLO,GTI
VOLKSWAGEN,POLO,TROPHY
VOLKSWAGEN,POLO,ALLSTAR
VOLKSWAGEN,POLO,BLACK & WHITE
VOLKSWAGEN,POLO,COMFORTLINE
VOLKSWAGEN,POLO,COMFORTLINE VIENNA
VOLKSWAGEN,SCIROCCO,TSI
VOLKSWAGEN,SCIROCCO,GT
VOLKSWAGEN,SCIROCCO,R
VOLKSWAGEN,SCIROCCO,TSI GT
VOLKSWAGEN,SCIROCCO,TSI SPORT
VOLKSWAGEN,SHARAN,TSI STANDARD
VOLKSWAGEN,SHARAN,TSI TECH SPEC
VOLKSWAGEN,T-CROSS,TSI
VOLKSWAGEN,T-ROC,TSI STYLE DESIGN PACKAGE
VOLKSWAGEN,TIGUAN,280 TSI COMFORTLINE
VOLKSWAGEN,TIGUAN,280 TSI HIGHLINE
VOLKSWAGEN,TIGUAN,280 TSI SOUND STYLE HIGHLINE
VOLKSWAGEN,TIGUAN,ALLSPACE ELEGANCE
VOLKSWAGEN,TIGUAN,ALLSPACE ELEGANCE IQ.DRIVE
VOLKSWAGEN,TIGUAN,ALLSPACE HIGHLINE
VOLKSWAGEN,TIGUAN,ALLSPACE LIFE
VOLKSWAGEN,TIGUAN,ALLSPACE LIFE IQ.DRIVE
VOLKSWAGEN,TIGUAN,TSI
VOLKSWAGEN,TIGUAN,ALLSPACE R-LINE 4MOTION
VOLKSWAGEN,TIGUAN,ALLSPACE R-LINE 4MOTION IQ.DRIVE
VOLKSWAGEN,TIGUAN ALLSPACE,NO_VARIANT
VOLKSWAGEN,TOUAREG,R-LINE
VOLKSWAGEN,TOUAREG,V6 FSI
VOLKSWAGEN,TOURAN,TSI
VOLKSWAGEN,TOURAN,TSI R-LINE
VOLKSWAGEN,VENTO,GT 180 TSI
VOLKSWAGEN,VENTO,TSI HIGHLINE
VOLKSWAGEN,VENTO,ALLSTAR
VOLKSWAGEN,VENTO,COMFORT
VOLKSWAGEN,VENTO,TRENDLINE
VOLVO,C30,NO_VARIANT
VOLVO,C40,RECHARGE P8
VOLVO,C40,RECHARGE ULTIMATE
VOLVO,EX30,PLUS
VOLVO,EX30,ULTRA TWIN PERFORMANCE
VOLVO,S40,NO_VARIANT
VOLVO,S60,T4
VOLVO,S60,LPT
VOLVO,S60,RECHARGE T8
VOLVO,S60,RECHARGE T8 PHEV
VOLVO,S60,RECHARGE T8 R-DESIGN
VOLVO,S60,T5
VOLVO,S60,T6 DRIVE E
VOLVO,S60,T8
VOLVO,S80,NO_VARIANT
VOLVO,S90,RECHARGE T8 INSCRIPTION PLUS
VOLVO,S90,RECHARGE T8 PHEV
VOLVO,S90,T5
VOLVO,S90,T5 MOMENTUM
VOLVO,S90,T8 INSCRIPTION
VOLVO,S90,T8 INSCRIPTION PLUS
VOLVO,V40,T4
VOLVO,V40,T5
VOLVO,V40,T5 DRIVE E
VOLVO,V40,T5 R-DESIGN
VOLVO,V40 CROSS COUNTRY,T5
VOLVO,V50,T5
VOLVO,V60,T4
VOLVO,V60,RECHARGE T8 INSCRIPTION
VOLVO,V60,RECHARGE T8 PHEV
VOLVO,V90,NO_VARIANT
VOLVO,XC40,RECHARGE P8
VOLVO,XC40,RECHARGE P8 ULTIMATE
VOLVO,XC40,RECHARGE T5 R-DESIGN
VOLVO,XC40,RECHARGE T5 ULTIMATE
VOLVO,XC40,B5 ULTIMATE
VOLVO,XC40,T5 R-DESIGN
VOLVO,XC40 2.0 T5 RDESIGN,NO_VARIANT
VOLVO,XC60,B5 PLUS
VOLVO,XC60,RECHARGE T8 INSCRIPTION PLUS
VOLVO,XC60,RECHARGE T8 ULTIMATE
VOLVO,XC60,T5
VOLVO,XC60,T5 MOMENTUM
VOLVO,XC60,T6
VOLVO,XC60,T8
VOLVO,XC90,B5 INSCRIPTION PLUS
VOLVO,XC90,B5 MILD HYBRID
VOLVO,XC90,RECHARGE T8 INSCRIPTION PLUS
VOLVO,XC90,RECHARGE T8 PHEV
VOLVO,XC90,T5 MOMENTUM
VOLVO,XC90,T8
VOLVO,XC90,D5
WESTSTAR,MAXUS,G10
WESTSTAR,MAXUS,V80
WESTSTAR MAXUS,G10,NO_VARIANT
XPENG,G6,580 PRO STD RANGE
XPENG,G6,755 PRO LONG RANGE
